abstraction	1900	323	46
abstraction	1901	338	48
abstraction	1902	357	51
abstraction	1903	379	54
abstraction	1904	400	57
abstraction	1905	417	59
abstraction	1906	429	61
abstraction	1907	434	62
abstraction	1908	431	61
abstraction	1909	421	60
abstraction	1910	405	57
abstraction	1911	386	55
abstraction	1912	366	52
abstraction	1913	348	49
abstraction	1914	335	47
abstraction	1915	329	47
abstraction	1916	330	47
abstraction	1917	340	48
abstraction	1918	355	50
abstraction	1919	376	53
abstraction	1920	399	57
abstraction	1921	420	60
abstraction	1922	439	62
abstraction	1923	451	64
abstraction	1924	456	65
abstraction	1925	452	64
abstraction	1926	441	63
abstraction	1927	425	60
abstraction	1928	404	57
abstraction	1929	384	54
abstraction	1930	365	52
abstraction	1931	351	50
abstraction	1932	345	49
abstraction	1933	347	49
abstraction	1934	356	50
abstraction	1935	373	53
abstraction	1936	394	56
abstraction	1937	418	59
abstraction	1938	441	63
abstraction	1939	460	65
abstraction	1940	473	67
abstraction	1941	477	68
abstraction	1942	474	67
abstraction	1943	462	66
abstraction	1944	444	63
abstraction	1945	423	60
abstraction	1946	401	57
abstraction	1947	382	54
abstraction	1948	368	52
abstraction	1949	361	51
abstraction	1950	363	51
abstraction	1951	373	53
abstraction	1952	390	55
abstraction	1953	413	59
abstraction	1954	438	62
abstraction	1955	462	66
abstraction	1956	481	68
abstraction	1957	494	70
abstraction	1958	499	71
abstraction	1959	495	70
abstraction	1960	483	69
abstraction	1961	464	66
abstraction	1962	442	63
abstraction	1963	419	59
abstraction	1964	398	56
abstraction	1965	384	54
abstraction	1966	377	53
abstraction	1967	379	54
abstraction	1968	390	55
abstraction	1969	408	58
abstraction	1970	432	61
abstraction	1971	458	65
abstraction	1972	482	68
abstraction	1973	503	71
abstraction	1974	516	73
abstraction	1975	521	74
abstraction	1976	516	73
abstraction	1977	503	71
abstraction	1978	484	69
abstraction	1979	460	65
abstraction	1980	436	62
abstraction	1981	415	59
abstraction	1982	400	57
abstraction	1983	393	56
abstraction	1984	395	56
abstraction	1985	407	58
abstraction	1986	426	60
abstraction	1987	450	64
abstraction	1988	477	68
abstraction	1989	503	71
abstraction	1990	524	74
abstraction	1991	538	76
abstraction	1992	542	77
abstraction	1993	537	76
abstraction	1994	524	74
abstraction	1995	503	71
abstraction	1996	479	68
abstraction	1997	454	64
abstraction	1998	432	61
abstraction	1999	416	59
abstraction	2000	409	58
abstraction	2001	411	58
abstraction	2002	423	60
abstraction	2003	443	63
abstraction	2004	469	67
abstraction	2005	497	71
abstraction	2006	524	74
abstraction	2007	545	77
abstraction	2008	559	79
abstraction	2009	564	80
abstraction	2010	559	79
abstraction	2011	544	77
abstraction	2012	523	74
abstraction	2013	497	71
abstraction	2014	471	67
abstraction	2015	449	64
abstraction	2016	432	61
abstraction	2017	425	60
abstraction	2018	428	61
abstraction	2019	440	62
act	1900	452	64
act	1901	477	68
act	1902	498	71
act	1903	511	73
act	1904	515	73
act	1905	510	72
act	1906	497	71
act	1907	478	68
act	1908	457	65
act	1909	436	62
act	1910	419	59
act	1911	408	58
act	1912	407	58
act	1913	416	59
act	1914	433	61
act	1915	458	65
act	1916	488	69
act	1917	519	74
act	1918	548	78
act	1919	571	81
act	1920	585	83
act	1921	589	84
act	1922	582	83
act	1923	567	81
act	1924	545	77
act	1925	520	74
act	1926	495	70
act	1927	476	68
act	1928	464	66
act	1929	462	66
act	1930	471	67
act	1931	491	70
act	1932	519	74
act	1933	553	79
act	1934	587	83
act	1935	619	88
act	1936	644	92
act	1937	659	94
act	1938	663	94
act	1939	655	93
act	1940	637	91
act	1941	611	87
act	1942	583	83
act	1943	555	79
act	1944	533	76
act	1945	519	74
act	1946	517	73
act	1947	527	75
act	1948	549	78
act	1949	580	82
act	1950	617	88
act	1951	655	93
act	1952	690	98
act	1953	717	102
act	1954	733	104
act	1955	737	105
act	1956	727	103
act	1957	706	100
act	1958	678	96
act	1959	646	92
act	1960	614	87
act	1961	589	84
act	1962	574	82
act	1963	572	81
act	1964	583	83
act	1965	607	86
act	1966	641	91
act	1967	682	97
act	1968	723	103
act	1969	761	108
act	1970	790	112
act	1971	807	115
act	1972	810	115
act	1973	799	114
act	1974	776	110
act	1975	744	106
act	1976	708	101
act	1977	674	96
act	1978	646	92
act	1979	629	89
act	1980	627	89
act	1981	639	91
act	1982	665	95
act	1983	703	100
act	1984	747	106
act	1985	792	113
act	1986	832	118
act	1987	864	123
act	1988	882	126
act	1989	884	126
act	1990	872	124
act	1991	846	120
act	1992	810	115
act	1993	771	110
act	1994	733	104
act	1995	703	100
act	1996	685	97
act	1997	682	97
act	1998	695	99
act	1999	724	103
act	2000	764	109
act	2001	811	115
act	2002	860	122
act	2003	904	129
act	2004	937	133
act	2005	956	136
act	2006	958	136
act	2007	944	134
act	2008	915	130
act	2009	876	125
act	2010	833	119
act	2011	792	113
act	2012	759	108
act	2013	740	105
act	2014	737	105
act	2015	751	107
act	2016	782	111
act	2017	825	117
act	2018	876	125
act	2019	929	132
action	1900	75	10
action	1901	76	10
action	1902	76	10
action	1903	74	10
action	1904	71	10
action	1905	68	9
action	1906	65	9
action	1907	62	8
action	1908	60	8
action	1909	60	8
action	1910	60	8
action	1911	63	9
action	1912	66	9
action	1913	70	10
action	1914	75	10
action	1915	79	11
action	1916	83	11
action	1917	85	12
action	1918	86	12
action	1919	86	12
action	1920	84	12
action	1921	81	11
action	1922	77	11
action	1923	73	10
action	1924	70	10
action	1925	68	9
action	1926	67	9
action	1927	68	9
action	1928	70	10
action	1929	74	10
action	1930	79	11
action	1931	84	12
action	1932	89	12
action	1933	93	13
action	1934	95	13
action	1935	96	13
action	1936	96	13
action	1937	93	13
action	1938	90	12
action	1939	86	12
action	1940	82	11
action	1941	78	11
action	1942	76	10
action	1943	75	10
action	1944	76	10
action	1945	78	11
action	1946	83	11
action	1947	88	12
action	1948	93	13
action	1949	98	14
action	1950	103	14
action	1951	106	15
action	1952	107	15
action	1953	106	15
action	1954	103	14
action	1955	99	14
action	1956	95	13
action	1957	90	12
action	1958	86	12
action	1959	83	11
action	1960	82	11
action	1961	83	11
action	1962	86	12
action	1963	91	13
action	1964	96	13
action	1965	102	14
action	1966	108	15
action	1967	113	16
action	1968	116	16
action	1969	117	16
action	1970	116	16
action	1971	113	16
action	1972	108	15
action	1973	103	14
action	1974	98	14
action	1975	94	13
action	1976	91	13
action	1977	90	12
action	1978	91	13
action	1979	94	13
action	1980	99	14
action	1981	105	15
action	1982	112	16
action	1983	118	16
action	1984	123	17
action	1985	126	18
action	1986	127	18
action	1987	126	18
action	1988	122	17
action	1989	118	16
action	1990	112	16
action	1991	106	15
action	1992	102	14
action	1993	99	14
action	1994	97	13
action	1995	99	14
action	1996	102	14
action	1997	107	15
action	1998	114	16
action	1999	121	17
action	2000	128	18
action	2001	133	19
action	2002	136	19
action	2003	137	19
action	2004	136	19
action	2005	132	18
action	2006	127	18
action	2007	121	17
action	2008	115	16
action	2009	110	15
action	2010	106	15
action	2011	105	15
action	2012	106	15
action	2013	110	15
action	2014	116	16
action	2015	123	17
action	2016	130	18
action	2017	137	19
action	2018	143	20
action	2019	146	20
animal	1900	103	14
animal	1901	99	14
animal	1902	94	13
animal	1903	89	12
animal	1904	84	12
animal	1905	81	11
animal	1906	79	11
animal	1907	79	11
animal	1908	80	11
animal	1909	84	12
animal	1910	88	12
animal	1911	93	13
animal	1912	98	14
animal	1913	102	14
animal	1914	105	15
animal	1915	106	15
animal	1916	105	15
animal	1917	102	14
animal	1918	98	14
animal	1919	93	13
animal	1920	88	12
animal	1921	84	12
animal	1922	80	11
animal	1923	78	11
animal	1924	78	11
animal	1925	80	11
animal	1926	83	11
animal	1927	88	12
animal	1928	93	13
animal	1929	98	14
animal	1930	102	14
animal	1931	104	14
animal	1932	105	15
animal	1933	104	14
animal	1934	102	14
animal	1935	98	14
animal	1936	93	13
animal	1937	88	12
animal	1938	83	11
animal	1939	80	11
animal	1940	78	11
animal	1941	78	11
animal	1942	79	11
animal	1943	83	11
animal	1944	87	12
animal	1945	92	13
animal	1946	97	13
animal	1947	101	14
animal	1948	104	14
animal	1949	105	15
animal	1950	104	14
animal	1951	101	14
animal	1952	97	13
animal	1953	92	13
animal	1954	87	12
animal	1955	83	11
animal	1956	79	11
animal	1957	77	11
animal	1958	77	11
animal	1959	79	11
animal	1960	82	11
animal	1961	87	12
animal	1962	92	13
animal	1963	97	13
animal	1964	101	14
animal	1965	103	14
animal	1966	104	14
animal	1967	103	14
animal	1968	100	14
animal	1969	96	13
animal	1970	92	13
animal	1971	87	12
animal	1972	82	11
animal	1973	79	11
animal	1974	77	11
animal	1975	77	11
animal	1976	79	11
animal	1977	82	11
animal	1978	86	12
animal	1979	91	13
animal	1980	96	13
animal	1981	100	14
animal	1982	103	14
animal	1983	103	14
animal	1984	103	14
animal	1985	100	14
animal	1986	96	13
animal	1987	91	13
animal	1988	86	12
animal	1989	81	11
animal	1990	78	11
animal	1991	76	10
animal	1992	76	10
animal	1993	78	11
animal	1994	82	11
animal	1995	86	12
animal	1996	91	13
animal	1997	96	13
animal	1998	100	14
animal	1999	102	14
animal	2000	103	14
animal	2001	102	14
animal	2002	99	14
animal	2003	95	13
animal	2004	90	12
animal	2005	85	12
animal	2006	81	11
animal	2007	78	11
animal	2008	76	10
animal	2009	76	10
animal	2010	78	11
animal	2011	81	11
animal	2012	86	12
animal	2013	90	12
animal	2014	95	13
animal	2015	99	14
animal	2016	102	14
animal	2017	102	14
animal	2018	101	14
animal	2019	99	14
artifact	1900	800	114
artifact	1901	839	119
artifact	1902	890	127
artifact	1903	946	135
artifact	1904	1001	143
artifact	1905	1048	149
artifact	1906	1080	154
artifact	1907	1095	156
artifact	1908	1090	155
artifact	1909	1067	152
artifact	1910	1029	147
artifact	1911	983	140
artifact	1912	935	133
artifact	1913	892	127
artifact	1914	860	122
artifact	1915	846	120
artifact	1916	852	121
artifact	1917	878	125
artifact	1918	921	131
artifact	1919	976	139
artifact	1920	1037	148
artifact	1921	1096	156
artifact	1922	1146	163
artifact	1923	1181	168
artifact	1924	1196	170
artifact	1925	1190	170
artifact	1926	1164	166
artifact	1927	1122	160
artifact	1928	1071	153
artifact	1929	1018	145
artifact	1930	971	138
artifact	1931	937	133
artifact	1932	921	131
artifact	1933	927	132
artifact	1934	955	136
artifact	1935	1002	143
artifact	1936	1062	151
artifact	1937	1128	161
artifact	1938	1192	170
artifact	1939	1245	177
artifact	1940	1282	183
artifact	1941	1298	185
artifact	1942	1290	184
artifact	1943	1261	180
artifact	1944	1215	173
artifact	1945	1159	165
artifact	1946	1101	157
artifact	1947	1050	150
artifact	1948	1013	144
artifact	1949	996	142
artifact	1950	1003	143
artifact	1951	1033	147
artifact	1952	1084	154
artifact	1953	1148	164
artifact	1954	1219	174
artifact	1955	1287	183
artifact	1956	1345	192
artifact	1957	1383	197
artifact	1958	1399	199
artifact	1959	1390	198
artifact	1960	1358	194
artifact	1961	1308	186
artifact	1962	1247	178
artifact	1963	1184	169
artifact	1964	1129	161
artifact	1965	1089	155
artifact	1966	1071	153
artifact	1967	1079	154
artifact	1968	1111	158
artifact	1969	1165	166
artifact	1970	1235	176
artifact	1971	1310	187
artifact	1972	1383	197
artifact	1973	1444	206
artifact	1974	1485	212
artifact	1975	1500	214
artifact	1976	1490	212
artifact	1977	1455	207
artifact	1978	1400	200
artifact	1979	1334	190
artifact	1980	1267	181
artifact	1981	1207	172
artifact	1982	1165	166
artifact	1983	1146	163
artifact	1984	1154	164
artifact	1985	1189	169
artifact	1986	1247	178
artifact	1987	1321	188
artifact	1988	1402	200
artifact	1989	1479	211
artifact	1990	1543	220
artifact	1991	1586	226
artifact	1992	1602	228
artifact	1993	1590	227
artifact	1994	1551	221
artifact	1995	1492	213
artifact	1996	1422	203
artifact	1997	1349	192
artifact	1998	1286	183
artifact	1999	1241	177
artifact	2000	1221	174
artifact	2001	1230	175
artifact	2002	1267	181
artifact	2003	1329	189
artifact	2004	1408	201
artifact	2005	1493	213
artifact	2006	1575	225
artifact	2007	1643	234
artifact	2008	1687	241
artifact	2009	1703	243
artifact	2010	1689	241
artifact	2011	1648	235
artifact	2012	1584	226
artifact	2013	1509	215
artifact	2014	1432	204
artifact	2015	1365	195
artifact	2016	1317	188
artifact	2017	1296	185
artifact	2018	1306	186
artifact	2019	1346	192
auto	1900	685	97
auto	1901	649	92
auto	1902	621	88
auto	1903	603	86
auto	1904	599	85
auto	1905	609	87
auto	1906	632	90
auto	1907	666	95
auto	1908	705	100
auto	1909	745	106
auto	1910	781	111
auto	1911	807	115
auto	1912	820	117
auto	1913	820	117
auto	1914	805	115
auto	1915	778	111
auto	1916	743	106
auto	1917	704	100
auto	1918	668	95
auto	1919	639	91
auto	1920	621	88
auto	1921	617	88
auto	1922	627	89
auto	1923	651	93
auto	1924	686	98
auto	1925	726	103
auto	1926	768	109
auto	1927	804	114
auto	1928	831	118
auto	1929	845	120
auto	1930	843	120
auto	1931	828	118
auto	1932	800	114
auto	1933	764	109
auto	1934	724	103
auto	1935	686	98
auto	1936	656	93
auto	1937	638	91
auto	1938	634	90
auto	1939	646	92
auto	1940	671	95
auto	1941	706	100
auto	1942	748	106
auto	1943	790	112
auto	1944	827	118
auto	1945	855	122
auto	1946	869	124
auto	1947	867	123
auto	1948	851	121
auto	1949	822	117
auto	1950	784	112
auto	1951	744	106
auto	1952	705	100
auto	1953	674	96
auto	1954	656	93
auto	1955	652	93
auto	1956	664	94
auto	1957	690	98
auto	1958	727	103
auto	1959	770	110
auto	1960	813	116
auto	1961	851	121
auto	1962	879	125
auto	1963	893	127
auto	1964	891	127
auto	1965	874	124
auto	1966	844	120
auto	1967	805	115
auto	1968	763	109
auto	1969	724	103
auto	1970	692	98
auto	1971	673	96
auto	1972	670	95
auto	1973	682	97
auto	1974	709	101
auto	1975	747	106
auto	1976	791	113
auto	1977	835	119
auto	1978	874	124
auto	1979	903	129
auto	1980	917	131
auto	1981	914	130
auto	1982	897	128
auto	1983	865	123
auto	1984	826	118
auto	1985	783	111
auto	1986	742	106
auto	1987	710	101
auto	1988	691	98
auto	1989	688	98
auto	1990	701	100
auto	1991	728	104
auto	1992	767	109
auto	1993	813	116
auto	1994	858	122
auto	1995	898	128
auto	1996	927	132
auto	1997	941	134
auto	1998	938	134
auto	1999	919	131
auto	2000	887	126
auto	2001	846	120
auto	2002	802	114
auto	2003	761	108
auto	2004	728	104
auto	2005	709	101
auto	2006	705	100
auto	2007	719	102
auto	2008	748	106
auto	2009	788	112
auto	2010	834	119
auto	2011	881	125
auto	2012	921	131
auto	2013	951	135
auto	2014	965	137
auto	2015	962	137
auto	2016	942	134
auto	2017	909	129
auto	2018	867	123
auto	2019	821	117
automobile	1900	582	83
automobile	1901	613	87
automobile	1902	652	93
automobile	1903	696	99
automobile	1904	738	105
automobile	1905	775	110
automobile	1906	802	114
automobile	1907	815	116
automobile	1908	814	116
automobile	1909	799	114
automobile	1910	773	110
automobile	1911	740	105
automobile	1912	706	100
automobile	1913	675	96
automobile	1914	653	93
automobile	1915	644	92
automobile	1916	651	93
automobile	1917	672	96
automobile	1918	707	101
automobile	1919	751	107
automobile	1920	800	114
automobile	1921	848	121
automobile	1922	889	127
automobile	1923	918	131
automobile	1924	932	133
automobile	1925	930	132
automobile	1926	912	130
automobile	1927	881	125
automobile	1928	843	120
automobile	1929	803	114
automobile	1930	767	109
automobile	1931	742	106
automobile	1932	731	104
automobile	1933	738	105
automobile	1934	762	108
automobile	1935	801	114
automobile	1936	850	121
automobile	1937	905	129
automobile	1938	958	136
automobile	1939	1003	143
automobile	1940	1035	147
automobile	1941	1050	150
automobile	1942	1045	149
automobile	1943	1024	146
automobile	1944	989	141
automobile	1945	945	135
automobile	1946	899	128
automobile	1947	859	122
automobile	1948	830	118
automobile	1949	818	116
automobile	1950	825	117
automobile	1951	851	121
automobile	1952	895	127
automobile	1953	950	135
automobile	1954	1010	144
automobile	1955	1068	152
automobile	1956	1118	159
automobile	1957	1152	164
automobile	1958	1167	166
automobile	1959	1161	165
automobile	1960	1136	162
automobile	1961	1096	156
automobile	1962	1047	149
automobile	1963	996	142
automobile	1964	950	135
automobile	1965	918	131
automobile	1966	905	129
automobile	1967	912	130
automobile	1968	941	134
automobile	1969	989	141
automobile	1970	1049	149
automobile	1971	1115	159
automobile	1972	1179	168
automobile	1973	1232	176
automobile	1974	1269	181
automobile	1975	1284	183
automobile	1976	1277	182
automobile	1977	1248	178
automobile	1978	1203	171
automobile	1979	1148	164
automobile	1980	1092	156
automobile	1981	1042	148
automobile	1982	1007	143
automobile	1983	992	141
automobile	1984	1000	142
automobile	1985	1032	147
automobile	1986	1083	154
automobile	1987	1149	164
automobile	1988	1221	174
automobile	1989	1289	184
automobile	1990	1347	192
automobile	1991	1386	198
automobile	1992	1401	200
automobile	1993	1392	198
automobile	1994	1360	194
automobile	1995	1310	187
automobile	1996	1250	178
automobile	1997	1188	169
automobile	1998	1133	161
automobile	1999	1095	156
automobile	2000	1078	154
automobile	2001	1087	155
automobile	2002	1122	160
automobile	2003	1178	168
automobile	2004	1249	178
automobile	2005	1326	189
automobile	2006	1400	200
automobile	2007	1462	208
automobile	2008	1503	214
automobile	2009	1519	217
automobile	2010	1508	215
automobile	2011	1472	210
automobile	2012	1417	202
automobile	2013	1351	193
automobile	2014	1283	183
automobile	2015	1224	174
automobile	2016	1183	169
automobile	2017	1165	166
automobile	2018	1175	167
automobile	2019	1212	173
bat	1900	128	18
bat	1901	122	17
bat	1902	116	16
bat	1903	110	15
bat	1904	104	14
bat	1905	100	14
bat	1906	97	13
bat	1907	97	13
bat	1908	99	14
bat	1909	103	14
bat	1910	108	15
bat	1911	115	16
bat	1912	121	17
bat	1913	126	18
bat	1914	129	18
bat	1915	130	18
bat	1916	129	18
bat	1917	126	18
bat	1918	121	17
bat	1919	115	16
bat	1920	108	15
bat	1921	103	14
bat	1922	98	14
bat	1923	96	13
bat	1924	96	13
bat	1925	98	14
bat	1926	102	14
bat	1927	107	15
bat	1928	113	16
bat	1929	119	17
bat	1930	124	17
bat	1931	127	18
bat	1932	128	18
bat	1933	127	18
bat	1934	124	17
bat	1935	119	17
bat	1936	113	16
bat	1937	107	15
bat	1938	101	14
bat	1939	97	13
bat	1940	94	13
bat	1941	94	13
bat	1942	96	13
bat	1943	100	14
bat	1944	106	15
bat	1945	112	16
bat	1946	117	16
bat	1947	122	17
bat	1948	125	17
bat	1949	126	18
bat	1950	125	17
bat	1951	122	17
bat	1952	117	16
bat	1953	111	15
bat	1954	105	15
bat	1955	99	14
bat	1956	95	13
bat	1957	93	13
bat	1958	93	13
bat	1959	95	13
bat	1960	99	14
bat	1961	104	14
bat	1962	110	15
bat	1963	116	16
bat	1964	120	17
bat	1965	123	17
bat	1966	124	17
bat	1967	123	17
bat	1968	120	17
bat	1969	115	16
bat	1970	109	15
bat	1971	103	14
bat	1972	98	14
bat	1973	94	13
bat	1974	91	13
bat	1975	91	13
bat	1976	94	13
bat	1977	97	13
bat	1978	103	14
bat	1979	108	15
bat	1980	114	16
bat	1981	119	17
bat	1982	122	17
bat	1983	123	17
bat	1984	121	17
bat	1985	118	16
bat	1986	113	16
bat	1987	108	15
bat	1988	102	14
bat	1989	96	13
bat	1990	92	13
bat	1991	90	12
bat	1992	90	12
bat	1993	92	13
bat	1994	96	13
bat	1995	101	14
bat	1996	107	15
bat	1997	112	16
bat	1998	117	16
bat	1999	120	17
bat	2000	121	17
bat	2001	119	17
bat	2002	116	16
bat	2003	111	15
bat	2004	106	15
bat	2005	100	14
bat	2006	95	13
bat	2007	91	13
bat	2008	89	12
bat	2009	89	12
bat	2010	91	13
bat	2011	95	13
bat	2012	100	14
bat	2013	105	15
bat	2014	111	15
bat	2015	115	16
bat	2016	118	16
bat	2017	119	17
bat	2018	118	16
bat	2019	114	16
beast	1900	658	94
beast	1901	696	99
beast	1902	727	103
beast	1903	748	106
beast	1904	755	107
beast	1905	749	107
beast	1906	731	104
beast	1907	705	100
beast	1908	674	96
beast	1909	644	92
beast	1910	620	88
beast	1911	605	86
beast	1912	604	86
beast	1913	618	88
beast	1914	645	92
beast	1915	683	97
beast	1916	729	104
beast	1917	776	110
beast	1918	820	117
beast	1919	855	122
beast	1920	877	125
beast	1921	884	126
beast	1922	876	125
beast	1923	854	122
beast	1924	821	117
beast	1925	784	112
beast	1926	748	106
beast	1927	719	102
beast	1928	702	100
beast	1929	700	100
beast	1930	715	102
beast	1931	746	106
beast	1932	790	112
beast	1933	841	120
beast	1934	895	127
beast	1935	944	134
beast	1936	983	140
beast	1937	1007	143
beast	1938	1013	144
beast	1939	1002	143
beast	1940	976	139
beast	1941	938	134
beast	1942	894	127
beast	1943	853	121
beast	1944	819	117
beast	1945	799	114
beast	1946	796	113
beast	1947	813	116
beast	1948	847	121
beast	1949	896	128
beast	1950	954	136
beast	1951	1013	144
beast	1952	1068	152
beast	1953	1111	158
beast	1954	1137	162
beast	1955	1143	163
beast	1956	1129	161
beast	1957	1098	156
beast	1958	1054	150
beast	1959	1004	143
beast	1960	957	136
beast	1961	918	131
beast	1962	895	127
beast	1963	892	127
beast	1964	910	130
beast	1965	948	135
beast	1966	1003	143
beast	1967	1067	152
beast	1968	1132	161
beast	1969	1192	170
beast	1970	1239	177
beast	1971	1266	180
beast	1972	1272	181
beast	1973	1255	179
beast	1974	1219	174
beast	1975	1170	167
beast	1976	1114	159
beast	1977	1060	151
beast	1978	1017	145
beast	1979	992	141
beast	1980	988	141
beast	1981	1008	144
beast	1982	1050	150
beast	1983	1110	158
beast	1984	1180	168
beast	1985	1252	178
beast	1986	1317	188
beast	1987	1367	195
beast	1988	1396	199
beast	1989	1401	200
beast	1990	1381	197
beast	1991	1341	191
beast	1992	1285	183
beast	1993	1223	174
beast	1994	1164	166
beast	1995	1116	159
beast	1996	1088	155
beast	1997	1084	154
beast	1998	1106	158
beast	1999	1152	164
beast	2000	1217	173
beast	2001	1293	184
beast	2002	1371	195
beast	2003	1441	205
beast	2004	1495	213
beast	2005	1526	218
beast	2006	1530	218
beast	2007	1507	215
beast	2008	1462	208
beast	2009	1401	200
beast	2010	1332	190
beast	2011	1267	181
beast	2012	1215	173
beast	2013	1184	169
beast	2014	1180	168
beast	2015	1204	172
beast	2016	1254	179
beast	2017	1324	189
beast	2018	1406	200
beast	2019	1490	212
bicycle	1900	284	40
bicycle	1901	300	42
bicycle	1902	317	45
bicycle	1903	334	47
bicycle	1904	349	49
bicycle	1905	360	51
bicycle	1906	365	52
bicycle	1907	363	51
bicycle	1908	355	50
bicycle	1909	342	48
bicycle	1910	326	46
bicycle	1911	308	44
bicycle	1912	292	41
bicycle	1913	280	40
bicycle	1914	273	39
bicycle	1915	272	38
bicycle	1916	277	39
bicycle	1917	289	41
bicycle	1918	304	43
bicycle	1919	322	46
bicycle	1920	340	48
bicycle	1921	355	50
bicycle	1922	365	52
bicycle	1923	370	52
bicycle	1924	368	52
bicycle	1925	360	51
bicycle	1926	346	49
bicycle	1927	330	47
bicycle	1928	312	44
bicycle	1929	296	42
bicycle	1930	284	40
bicycle	1931	276	39
bicycle	1932	276	39
bicycle	1933	281	40
bicycle	1934	293	41
bicycle	1935	309	44
bicycle	1936	327	46
bicycle	1937	345	49
bicycle	1938	360	51
bicycle	1939	370	52
bicycle	1940	375	53
bicycle	1941	373	53
bicycle	1942	365	52
bicycle	1943	351	50
bicycle	1944	334	47
bicycle	1945	316	45
bicycle	1946	300	42
bicycle	1947	287	41
bicycle	1948	280	40
bicycle	1949	280	40
bicycle	1950	285	40
bicycle	1951	297	42
bicycle	1952	313	44
bicycle	1953	332	47
bicycle	1954	350	50
bicycle	1955	365	52
bicycle	1956	376	53
bicycle	1957	380	54
bicycle	1958	378	54
bicycle	1959	369	52
bicycle	1960	356	50
bicycle	1961	338	48
bicycle	1962	320	45
bicycle	1963	304	43
bicycle	1964	291	41
bicycle	1965	284	40
bicycle	1966	283	40
bicycle	1967	289	41
bicycle	1968	302	43
bicycle	1969	318	45
bicycle	1970	336	48
bicycle	1971	355	50
bicycle	1972	370	52
bicycle	1973	381	54
bicycle	1974	385	55
bicycle	1975	383	54
bicycle	1976	374	53
bicycle	1977	360	51
bicycle	1978	343	49
bicycle	1979	324	46
bicycle	1980	308	44
bicycle	1981	295	42
bicycle	1982	288	41
bicycle	1983	287	41
bicycle	1984	294	42
bicycle	1985	306	43
bicycle	1986	323	46
bicycle	1987	341	48
bicycle	1988	360	51
bicycle	1989	375	53
bicycle	1990	386	55
bicycle	1991	390	55
bicycle	1992	388	55
bicycle	1993	379	54
bicycle	1994	365	52
bicycle	1995	347	49
bicycle	1996	328	46
bicycle	1997	311	44
bicycle	1998	299	42
bicycle	1999	291	41
bicycle	2000	291	41
bicycle	2001	298	42
bicycle	2002	310	44
bicycle	2003	327	46
bicycle	2004	346	49
bicycle	2005	365	52
bicycle	2006	381	54
bicycle	2007	391	55
bicycle	2008	396	56
bicycle	2009	393	56
bicycle	2010	384	54
bicycle	2011	369	52
bicycle	2012	351	50
bicycle	2013	332	47
bicycle	2014	315	45
bicycle	2015	302	43
bicycle	2016	295	42
bicycle	2017	295	42
bicycle	2018	302	43
bicycle	2019	315	45
bike	1951	7	1
bike	1952	21	3
bike	1953	39	5
bike	1954	59	8
bike	1955	79	11
bike	1956	98	14
bike	1957	117	16
bike	1958	136	19
bike	1959	156	22
bike	1960	180	25
bike	1961	209	29
bike	1962	246	35
bike	1963	290	41
bike	1964	343	49
bike	1965	402	57
bike	1966	464	66
bike	1967	528	75
bike	1968	587	83
bike	1969	639	91
bike	1970	681	97
bike	1971	710	101
bike	1972	729	104
bike	1973	739	105
bike	1974	745	106
bike	1975	753	107
bike	1976	770	110
bike	1977	801	114
bike	1978	852	121
bike	1979	925	132
bike	1980	1020	145
bike	1981	1131	161
bike	1982	1254	179
bike	1983	1378	196
bike	1984	1494	213
bike	1985	1593	227
bike	1986	1667	238
bike	1987	1713	244
bike	1988	1728	246
bike	1989	1719	245
bike	1990	1693	241
bike	1991	1662	237
bike	1992	1639	234
bike	1993	1637	233
bike	1994	1667	238
bike	1995	1738	248
bike	1996	1851	264
bike	1997	2002	286
bike	1998	2182	311
bike	1999	2378	339
bike	2000	2572	367
bike	2001	2747	392
bike	2002	2886	412
bike	2003	2979	425
bike	2004	3019	431
bike	2005	3008	429
bike	2006	2956	422
bike	2007	2878	411
bike	2008	2794	399
bike	2009	2726	389
bike	2010	2697	385
bike	2011	2722	388
bike	2012	2812	401
bike	2013	2969	424
bike	2014	3184	454
bike	2015	3443	491
bike	2016	3721	531
bike	2017	3993	570
bike	2018	4231	604
bike	2019	4413	630
bird	1900	474	67
bird	1901	467	66
bird	1902	470	67
bird	1903	484	69
bird	1904	507	72
bird	1905	535	76
bird	1906	565	80
bird	1907	592	84
bird	1908	613	87
bird	1909	625	89
bird	1910	627	89
bird	1911	617	88
bird	1912	597	85
bird	1913	571	81
bird	1914	541	77
bird	1915	511	73
bird	1916	486	69
bird	1917	468	66
bird	1918	461	65
bird	1919	464	66
bird	1920	478	68
bird	1921	501	71
bird	1922	529	75
bird	1923	558	79
bird	1924	585	83
bird	1925	606	86
bird	1926	617	88
bird	1927	618	88
bird	1928	609	87
bird	1929	589	84
bird	1930	563	80
bird	1931	533	76
bird	1932	504	72
bird	1933	479	68
bird	1934	462	66
bird	1935	455	65
bird	1936	459	65
bird	1937	473	67
bird	1938	495	70
bird	1939	523	74
bird	1940	552	78
bird	1941	578	82
bird	1942	598	85
bird	1943	610	87
bird	1944	610	87
bird	1945	600	85
bird	1946	581	83
bird	1947	555	79
bird	1948	526	75
bird	1949	497	71
bird	1950	472	67
bird	1951	456	65
bird	1952	449	64
bird	1953	453	64
bird	1954	467	66
bird	1955	489	69
bird	1956	516	73
bird	1957	545	77
bird	1958	571	81
bird	1959	591	84
bird	1960	602	86
bird	1961	602	86
bird	1962	592	84
bird	1963	573	81
bird	1964	547	78
bird	1965	518	74
bird	1966	490	70
bird	1967	466	66
bird	1968	449	64
bird	1969	443	63
bird	1970	447	63
bird	1971	461	65
bird	1972	483	69
bird	1973	510	72
bird	1974	538	76
bird	1975	564	80
bird	1976	583	83
bird	1977	594	84
bird	1978	594	84
bird	1979	584	83
bird	1980	565	80
bird	1981	539	77
bird	1982	511	73
bird	1983	483	69
bird	1984	459	65
bird	1985	443	63
bird	1986	437	62
bird	1987	441	63
bird	1988	455	65
bird	1989	477	68
bird	1990	503	71
bird	1991	531	75
bird	1992	556	79
bird	1993	575	82
bird	1994	586	83
bird	1995	586	83
bird	1996	576	82
bird	1997	557	79
bird	1998	531	75
bird	1999	503	71
bird	2000	476	68
bird	2001	452	64
bird	2002	437	62
bird	2003	431	61
bird	2004	435	62
bird	2005	449	64
bird	2006	471	67
bird	2007	497	71
bird	2008	525	75
bird	2009	549	78
bird	2010	568	81
bird	2011	578	82
bird	2012	578	82
bird	2013	568	81
bird	2014	549	78
bird	2015	524	74
bird	2016	496	70
bird	2017	469	67
bird	2018	446	63
bird	2019	431	61
bloom	1900	755	107
bloom	1901	799	114
bloom	1902	834	119
bloom	1903	857	122
bloom	1904	865	123
bloom	1905	858	122
bloom	1906	838	119
bloom	1907	807	115
bloom	1908	772	110
bloom	1909	737	105
bloom	1910	709	101
bloom	1911	693	99
bloom	1912	692	98
bloom	1913	707	101
bloom	1914	738	105
bloom	1915	781	111
bloom	1916	833	119
bloom	1917	887	126
bloom	1918	937	133
bloom	1919	977	139
bloom	1920	1002	143
bloom	1921	1010	144
bloom	1922	1000	142
bloom	1923	975	139
bloom	1924	938	134
bloom	1925	895	127
bloom	1926	854	122
bloom	1927	821	117
bloom	1928	801	114
bloom	1929	799	114
bloom	1930	816	116
bloom	1931	851	121
bloom	1932	900	128
bloom	1933	959	137
bloom	1934	1020	145
bloom	1935	1076	153
bloom	1936	1120	160
bloom	1937	1147	163
bloom	1938	1155	165
bloom	1939	1142	163
bloom	1940	1111	158
bloom	1941	1068	152
bloom	1942	1019	145
bloom	1943	971	138
bloom	1944	932	133
bloom	1945	909	129
bloom	1946	906	129
bloom	1947	925	132
bloom	1948	964	137
bloom	1949	1020	145
bloom	1950	1085	155
bloom	1951	1153	164
bloom	1952	1215	173
bloom	1953	1263	180
bloom	1954	1293	184
bloom	1955	1299	185
bloom	1956	1284	183
bloom	1957	1248	178
bloom	1958	1198	171
bloom	1959	1142	163
bloom	1960	1087	155
bloom	1961	1044	149
bloom	1962	1017	145
bloom	1963	1014	144
bloom	1964	1034	147
bloom	1965	1078	154
bloom	1966	1139	162
bloom	1967	1211	173
bloom	1968	1286	183
bloom	1969	1354	193
bloom	1970	1407	201
bloom	1971	1438	205
bloom	1972	1444	206
bloom	1973	1425	203
bloom	1974	1384	197
bloom	1975	1328	189
bloom	1976	1264	180
bloom	1977	1204	172
bloom	1978	1155	165
bloom	1979	1125	160
bloom	1980	1121	160
bloom	1981	1144	163
bloom	1982	1191	170
bloom	1983	1259	179
bloom	1984	1338	191
bloom	1985	1420	202
bloom	1986	1493	213
bloom	1987	1550	221
bloom	1988	1583	226
bloom	1989	1589	227
bloom	1990	1566	223
bloom	1991	1520	217
bloom	1992	1457	208
bloom	1993	1387	198
bloom	1994	1320	188
bloom	1995	1266	180
bloom	1996	1233	176
bloom	1997	1229	175
bloom	1998	1253	179
bloom	1999	1305	186
bloom	2000	1379	197
bloom	2001	1465	209
bloom	2002	1553	221
bloom	2003	1633	233
bloom	2004	1694	242
bloom	2005	1728	246
bloom	2006	1733	247
bloom	2007	1707	243
bloom	2008	1656	236
bloom	2009	1586	226
bloom	2010	1509	215
bloom	2011	1435	205
bloom	2012	1376	196
bloom	2013	1341	191
bloom	2014	1336	190
bloom	2015	1363	194
bloom	2016	1419	202
bloom	2017	1499	214
bloom	2018	1592	227
bloom	2019	1687	241
boat	1900	756	108
boat	1901	742	106
boat	1902	745	106
boat	1903	765	109
boat	1904	798	114
boat	1905	840	120
boat	1906	884	126
boat	1907	924	132
boat	1908	954	136
boat	1909	970	138
boat	1910	969	138
boat	1911	951	135
boat	1912	918	131
boat	1913	874	124
boat	1914	826	118
boat	1915	778	111
boat	1916	737	105
boat	1917	709	101
boat	1918	695	99
boat	1919	698	99
boat	1920	717	102
boat	1921	749	107
boat	1922	788	112
boat	1923	829	118
boat	1924	866	123
boat	1925	893	127
boat	1926	908	129
boat	1927	906	129
boat	1928	889	127
boat	1929	858	122
boat	1930	816	116
boat	1931	771	110
boat	1932	726	103
boat	1933	688	98
boat	1934	661	94
boat	1935	649	92
boat	1936	652	93
boat	1937	669	95
boat	1938	699	99
boat	1939	735	105
boat	1940	773	110
boat	1941	807	115
boat	1942	833	119
boat	1943	845	120
boat	1944	843	120
boat	1945	827	118
boat	1946	797	113
boat	1947	759	108
boat	1948	716	102
boat	1949	674	96
boat	1950	639	91
boat	1951	614	87
boat	1952	602	86
boat	1953	605	86
boat	1954	622	88
boat	1955	649	92
boat	1956	682	97
boat	1957	717	102
boat	1958	749	107
boat	1959	772	110
boat	1960	783	111
boat	1961	780	111
boat	1962	764	109
boat	1963	737	105
boat	1964	701	100
boat	1965	661	94
boat	1966	622	88
boat	1967	589	84
boat	1968	566	80
boat	1969	556	79
boat	1970	559	79
boat	1971	574	82
boat	1972	598	85
boat	1973	629	89
boat	1974	661	94
boat	1975	690	98
boat	1976	710	101
boat	1977	720	102
boat	1978	718	102
boat	1979	702	100
boat	1980	677	96
boat	1981	643	91
boat	1982	606	86
boat	1983	570	81
boat	1984	540	77
boat	1985	519	74
boat	1986	509	72
boat	1987	512	73
boat	1988	526	75
boat	1989	548	78
boat	1990	576	82
boat	1991	605	86
boat	1992	631	90
boat	1993	649	92
boat	1994	658	94
boat	1995	655	93
boat	1996	640	91
boat	1997	616	88
boat	1998	585	83
boat	1999	551	78
boat	2000	519	74
boat	2001	491	70
boat	2002	472	67
boat	2003	463	66
boat	2004	465	66
boat	2005	478	68
boat	2006	498	71
boat	2007	523	74
boat	2008	549	78
boat	2009	572	81
boat	2010	588	84
boat	2011	595	85
boat	2012	592	84
boat	2013	579	82
boat	2014	556	79
boat	2015	528	75
boat	2016	497	71
boat	2017	467	66
boat	2018	442	63
boat	2019	425	60
building	1900	871	124
building	1901	829	118
building	1902	795	113
building	1903	776	110
building	1904	773	110
building	1905	789	112
building	1906	823	117
building	1907	869	124
building	1908	924	132
building	1909	980	140
building	1910	1031	147
building	1911	1069	152
building	1912	1091	155
building	1913	1094	156
building	1914	1078	154
building	1915	1046	149
building	1916	1002	143
building	1917	954	136
building	1918	907	129
building	1919	871	124
building	1920	849	121
building	1921	846	120
building	1922	864	123
building	1923	900	128
building	1924	951	135
building	1925	1011	144
building	1926	1071	153
building	1927	1126	160
building	1928	1167	166
building	1929	1190	170
building	1930	1192	170
building	1931	1174	167
building	1932	1138	162
building	1933	1090	155
building	1934	1036	148
building	1935	986	140
building	1936	946	135
building	1937	922	131
building	1938	919	131
building	1939	938	134
building	1940	978	139
building	1941	1033	147
building	1942	1097	156
building	1943	1162	166
building	1944	1221	174
building	1945	1265	180
building	1946	1289	184
building	1947	1290	184
building	1948	1270	181
building	1949	1230	175
building	1950	1177	168
building	1951	1119	159
building	1952	1064	152
building	1953	1021	145
building	1954	995	142
building	1955	992	141
building	1956	1013	144
building	1957	1055	150
building	1958	1115	159
building	1959	1184	169
building	1960	1254	179
building	1961	1316	188
building	1962	1362	194
building	1963	1387	198
building	1964	1388	198
building	1965	1365	195
building	1966	1322	188
building	1967	1264	180
building	1968	1201	171
building	1969	1142	163
building	1970	1095	156
building	1971	1068	152
building	1972	1065	152
building	1973	1088	155
building	1974	1133	161
building	1975	1197	171
building	1976	1270	181
building	1977	1345	192
building	1978	1411	201
building	1979	1460	208
building	1980	1486	212
building	1981	1486	212
building	1982	1460	208
building	1983	1413	201
building	1984	1351	193
building	1985	1284	183
building	1986	1220	174
building	1987	1170	167
building	1988	1141	163
building	1989	1138	162
building	1990	1162	166
building	1991	1211	173
building	1992	1279	182
building	1993	1357	193
building	1994	1436	205
building	1995	1506	215
building	1996	1558	222
building	1997	1585	226
building	1998	1584	226
building	1999	1556	222
building	2000	1504	214
building	2001	1438	205
building	2002	1366	195
building	2003	1298	185
building	2004	1245	177
building	2005	1214	173
building	2006	1211	173
building	2007	1237	176
building	2008	1289	184
building	2009	1361	194
building	2010	1444	206
building	2011	1528	218
building	2012	1602	228
building	2013	1656	236
building	2014	1683	240
building	2015	1681	240
building	2016	1651	235
building	2017	1596	228
building	2018	1525	217
building	2019	1448	206
car	1951	5	1
car	1952	14	2
car	1953	27	3
car	1954	40	5
car	1955	54	7
car	1956	67	9
car	1957	80	11
car	1958	93	13
car	1959	107	15
car	1960	123	17
car	1961	143	20
car	1962	168	24
car	1963	199	28
car	1964	235	33
car	1965	275	39
car	1966	318	45
car	1967	361	51
car	1968	402	57
car	1969	438	62
car	1970	466	66
car	1971	486	69
car	1972	499	71
car	1973	506	72
car	1974	510	72
car	1975	516	73
car	1976	527	75
car	1977	549	78
car	1978	584	83
car	1979	634	90
car	1980	698	99
car	1981	775	110
car	1982	859	122
car	1983	944	134
car	1984	1023	146
car	1985	1091	155
car	1986	1142	163
car	1987	1173	167
car	1988	1184	169
car	1989	1177	168
car	1990	1160	165
car	1991	1138	162
car	1992	1122	160
car	1993	1121	160
car	1994	1142	163
car	1995	1190	170
car	1996	1267	181
car	1997	1371	195
car	1998	1495	213
car	1999	1629	232
car	2000	1762	251
car	2001	1881	268
car	2002	1977	282
car	2003	2040	291
car	2004	2068	295
car	2005	2060	294
car	2006	2024	289
car	2007	1971	281
car	2008	1913	273
car	2009	1867	266
car	2010	1847	263
car	2011	1864	266
car	2012	1926	275
car	2013	2033	290
car	2014	2181	311
car	2015	2358	336
car	2016	2549	364
car	2017	2735	390
car	2018	2898	414
car	2019	3022	431
cat	1900	675	96
cat	1901	667	95
cat	1902	675	96
cat	1903	698	99
cat	1904	734	104
cat	1905	778	111
cat	1906	825	117
cat	1907	869	124
cat	1908	903	129
cat	1909	925	132
cat	1910	931	133
cat	1911	920	131
cat	1912	895	127
cat	1913	859	122
cat	1914	817	116
cat	1915	775	110
cat	1916	740	105
cat	1917	717	102
cat	1918	708	101
cat	1919	717	102
cat	1920	742	106
cat	1921	780	111
cat	1922	827	118
cat	1923	876	125
cat	1924	922	131
cat	1925	959	137
cat	1926	981	140
cat	1927	987	141
cat	1928	975	139
cat	1929	948	135
cat	1930	909	129
cat	1931	864	123
cat	1932	820	117
cat	1933	783	111
cat	1934	758	108
cat	1935	750	107
cat	1936	759	108
cat	1937	785	112
cat	1938	826	118
cat	1939	875	125
cat	1940	927	132
cat	1941	976	139
cat	1942	1014	144
cat	1943	1037	148
cat	1944	1042	148
cat	1945	1030	147
cat	1946	1000	142
cat	1947	959	137
cat	1948	912	130
cat	1949	865	123
cat	1950	826	118
cat	1951	800	114
cat	1952	791	113
cat	1953	801	114
cat	1954	829	118
cat	1955	872	124
cat	1956	924	132
cat	1957	979	139
cat	1958	1029	147
cat	1959	1069	152
cat	1960	1093	156
cat	1961	1098	156
cat	1962	1084	154
cat	1963	1053	150
cat	1964	1009	144
cat	1965	959	137
cat	1966	910	130
cat	1967	869	124
cat	1968	842	120
cat	1969	832	118
cat	1970	843	120
cat	1971	873	124
cat	1972	918	131
cat	1973	973	139
cat	1974	1030	147
cat	1975	1083	154
cat	1976	1125	160
cat	1977	1149	164
cat	1978	1154	164
cat	1979	1139	162
cat	1980	1106	158
cat	1981	1059	151
cat	1982	1007	143
cat	1983	955	136
cat	1984	912	130
cat	1985	883	126
cat	1986	874	124
cat	1987	885	126
cat	1988	917	131
cat	1989	964	137
cat	1990	1022	146
cat	1991	1082	154
cat	1992	1137	162
cat	1993	1180	168
cat	1994	1205	172
cat	1995	1210	172
cat	1996	1193	170
cat	1997	1158	165
cat	1998	1109	158
cat	1999	1054	150
cat	2000	1000	142
cat	2001	954	136
cat	2002	925	132
cat	2003	915	130
cat	2004	928	132
cat	2005	961	137
cat	2006	1010	144
cat	2007	1071	153
cat	2008	1133	161
cat	2009	1191	170
cat	2010	1236	176
cat	2011	1262	180
cat	2012	1266	180
cat	2013	1248	178
cat	2014	1210	172
cat	2015	1159	165
cat	2016	1101	157
cat	2017	1044	149
cat	2018	997	142
cat	2019	966	138
change	1900	658	94
change	1901	645	92
change	1902	647	92
change	1903	664	94
change	1904	692	98
change	1905	728	104
change	1906	766	109
change	1907	800	114
change	1908	825	117
change	1909	838	119
change	1910	836	119
change	1911	820	117
change	1912	791	113
change	1913	753	107
change	1914	710	101
change	1915	669	95
change	1916	633	90
change	1917	608	86
change	1918	596	85
change	1919	598	85
change	1920	614	87
change	1921	640	91
change	1922	673	96
change	1923	707	101
change	1924	738	105
change	1925	761	108
change	1926	772	110
change	1927	770	110
change	1928	755	107
change	1929	728	104
change	1930	692	98
change	1931	653	93
change	1932	614	87
change	1933	581	83
change	1934	558	79
change	1935	547	78
change	1936	549	78
change	1937	564	80
change	1938	587	83
change	1939	617	88
change	1940	649	92
change	1941	677	96
change	1942	697	99
change	1943	707	101
change	1944	705	100
change	1945	690	98
change	1946	665	95
change	1947	632	90
change	1948	595	85
change	1949	560	80
change	1950	530	75
change	1951	509	72
change	1952	499	71
change	1953	500	71
change	1954	513	73
change	1955	535	76
change	1956	562	80
change	1957	590	84
change	1958	615	87
change	1959	633	90
change	1960	642	91
change	1961	639	91
change	1962	625	89
change	1963	601	85
change	1964	571	81
change	1965	538	76
change	1966	506	72
change	1967	478	68
change	1968	459	65
change	1969	450	64
change	1970	451	64
change	1971	463	66
change	1972	482	68
change	1973	506	72
change	1974	531	75
change	1975	553	79
change	1976	569	81
change	1977	576	82
change	1978	573	81
change	1979	560	80
change	1980	538	76
change	1981	511	73
change	1982	481	68
change	1983	452	64
change	1984	427	61
change	1985	410	58
change	1986	401	57
change	1987	402	57
change	1988	413	59
change	1989	430	61
change	1990	451	64
change	1991	472	67
change	1992	492	70
change	1993	505	72
change	1994	511	73
change	1995	507	72
change	1996	495	70
change	1997	475	67
change	1998	451	64
change	1999	424	60
change	2000	398	56
change	2001	376	53
change	2002	360	51
change	2003	353	50
change	2004	353	50
change	2005	362	51
change	2006	377	53
change	2007	395	56
change	2008	413	59
change	2009	430	61
change	2010	441	63
change	2011	445	63
change	2012	441	63
change	2013	430	61
change	2014	413	59
change	2015	391	55
change	2016	367	52
change	2017	344	49
change	2018	324	46
change	2019	311	44
club	1900	550	78
club	1901	522	74
club	1902	500	71
club	1903	487	69
club	1904	484	69
club	1905	493	70
club	1906	513	73
club	1907	541	77
club	1908	574	82
club	1909	607	86
club	1910	637	91
club	1911	660	94
club	1912	672	96
club	1913	673	96
club	1914	662	94
club	1915	640	91
club	1916	613	87
club	1917	582	83
club	1918	552	78
club	1919	529	75
club	1920	515	73
club	1921	512	73
club	1922	522	74
club	1923	543	77
club	1924	573	81
club	1925	608	86
club	1926	643	91
club	1927	675	96
club	1928	698	99
club	1929	711	101
club	1930	711	101
club	1931	699	99
club	1932	676	96
club	1933	646	92
club	1934	614	87
club	1935	583	83
club	1936	558	79
club	1937	543	77
club	1938	541	77
club	1939	551	78
club	1940	574	82
club	1941	605	86
club	1942	642	91
club	1943	679	97
club	1944	712	101
club	1945	736	105
club	1946	749	107
club	1947	749	107
club	1948	736	105
club	1949	712	101
club	1950	680	97
club	1951	646	92
club	1952	613	87
club	1953	587	83
club	1954	572	81
club	1955	569	81
club	1956	580	82
club	1957	604	86
club	1958	637	91
club	1959	676	96
club	1960	715	102
club	1961	749	107
club	1962	774	110
club	1963	788	112
club	1964	787	112
club	1965	773	110
club	1966	747	106
club	1967	714	102
club	1968	678	96
club	1969	644	92
club	1970	616	88
club	1971	600	85
club	1972	598	85
club	1973	610	87
club	1974	635	90
club	1975	669	95
club	1976	710	101
club	1977	750	107
club	1978	786	112
club	1979	813	116
club	1980	826	118
club	1981	825	117
club	1982	810	115
club	1983	783	111
club	1984	748	106
club	1985	710	101
club	1986	674	96
club	1987	645	92
club	1988	629	89
club	1989	626	89
club	1990	639	91
club	1991	665	95
club	1992	702	100
club	1993	744	106
club	1994	786	112
club	1995	824	117
club	1996	851	121
club	1997	865	123
club	1998	863	123
club	1999	847	121
club	2000	818	116
club	2001	781	111
club	2002	741	105
club	2003	704	100
club	2004	674	96
club	2005	657	93
club	2006	655	93
club	2007	668	95
club	2008	696	99
club	2009	734	104
club	2010	778	111
club	2011	822	117
club	2012	861	123
club	2013	889	127
club	2014	903	129
club	2015	901	128
club	2016	884	126
club	2017	854	122
club	2018	815	116
club	2019	773	110
collection	1900	401	57
collection	1901	421	60
collection	1902	446	63
collection	1903	474	67
collection	1904	501	71
collection	1905	524	74
collection	1906	540	77
collection	1907	547	78
collection	1908	545	77
collection	1909	533	76
collection	1910	514	73
collection	1911	490	70
collection	1912	466	66
collection	1913	444	63
collection	1914	429	61
collection	1915	421	60
collection	1916	424	60
collection	1917	436	62
collection	1918	458	65
collection	1919	485	69
collection	1920	515	73
collection	1921	544	77
collection	1922	569	81
collection	1923	586	83
collection	1924	593	84
collection	1925	590	84
collection	1926	577	82
collection	1927	556	79
collection	1928	530	75
collection	1929	504	72
collection	1930	480	68
collection	1931	463	66
collection	1932	455	65
collection	1933	458	65
collection	1934	472	67
collection	1935	494	70
collection	1936	524	74
collection	1937	556	79
collection	1938	587	83
collection	1939	614	87
collection	1940	631	90
collection	1941	639	91
collection	1942	635	90
collection	1943	620	88
collection	1944	597	85
collection	1945	570	81
collection	1946	541	77
collection	1947	516	73
collection	1948	497	71
collection	1949	489	69
collection	1950	492	70
collection	1951	507	72
collection	1952	531	75
collection	1953	563	80
collection	1954	597	85
collection	1955	630	90
collection	1956	658	94
collection	1957	677	96
collection	1958	684	97
collection	1959	680	97
collection	1960	664	94
collection	1961	639	91
collection	1962	609	87
collection	1963	578	82
collection	1964	551	78
collection	1965	531	75
collection	1966	523	74
collection	1967	526	75
collection	1968	542	77
collection	1969	568	81
collection	1970	602	86
collection	1971	638	91
collection	1972	674	96
collection	1973	703	100
collection	1974	723	103
collection	1975	730	104
collection	1976	725	103
collection	1977	707	101
collection	1978	681	97
collection	1979	649	92
collection	1980	616	88
collection	1981	586	83
collection	1982	566	80
collection	1983	556	79
collection	1984	560	80
collection	1985	577	82
collection	1986	605	86
collection	1987	641	91
collection	1988	680	97
collection	1989	717	102
collection	1990	748	106
collection	1991	768	109
collection	1992	776	110
collection	1993	770	110
collection	1994	751	107
collection	1995	722	103
collection	1996	688	98
collection	1997	653	93
collection	1998	622	88
collection	1999	600	85
collection	2000	590	84
collection	2001	594	84
collection	2002	612	87
collection	2003	642	91
collection	2004	680	97
collection	2005	721	103
collection	2006	760	108
collection	2007	793	113
collection	2008	814	116
collection	2009	821	117
collection	2010	814	116
collection	2011	794	113
collection	2012	764	109
collection	2013	727	103
collection	2014	690	98
collection	2015	657	93
collection	2016	634	90
collection	2017	624	89
collection	2018	628	89
collection	2019	648	92
communication	1900	102	14
communication	1901	97	13
communication	1902	92	13
communication	1903	90	12
communication	1904	89	12
communication	1905	90	12
communication	1906	93	13
communication	1907	98	14
communication	1908	104	14
communication	1909	110	15
communication	1910	115	16
communication	1911	118	16
communication	1912	120	17
communication	1913	120	17
communication	1914	118	16
communication	1915	113	16
communication	1916	108	15
communication	1917	102	14
communication	1918	97	13
communication	1919	92	13
communication	1920	90	12
communication	1921	89	12
communication	1922	90	12
communication	1923	94	13
communication	1924	99	14
communication	1925	104	14
communication	1926	110	15
communication	1927	115	16
communication	1928	119	17
communication	1929	120	17
communication	1930	120	17
communication	1931	118	16
communication	1932	113	16
communication	1933	108	15
communication	1934	102	14
communication	1935	97	13
communication	1936	92	13
communication	1937	90	12
communication	1938	89	12
communication	1939	91	13
communication	1940	94	13
communication	1941	99	14
communication	1942	104	14
communication	1943	110	15
communication	1944	115	16
communication	1945	119	17
communication	1946	121	17
communication	1947	120	17
communication	1948	118	16
communication	1949	114	16
communication	1950	108	15
communication	1951	102	14
communication	1952	97	13
communication	1953	93	13
communication	1954	90	12
communication	1955	89	12
communication	1956	91	13
communication	1957	94	13
communication	1958	99	14
communication	1959	105	15
communication	1960	110	15
communication	1961	115	16
communication	1962	119	17
communication	1963	121	17
communication	1964	120	17
communication	1965	118	16
communication	1966	114	16
communication	1967	108	15
communication	1968	102	14
communication	1969	97	13
communication	1970	93	13
communication	1971	90	12
communication	1972	89	12
communication	1973	91	13
communication	1974	94	13
communication	1975	99	14
communication	1976	105	15
communication	1977	111	15
communication	1978	116	16
communication	1979	119	17
communication	1980	121	17
communication	1981	121	17
communication	1982	118	16
communication	1983	114	16
communication	1984	108	15
communication	1985	102	14
communication	1986	97	13
communication	1987	93	13
communication	1988	90	12
communication	1989	89	12
communication	1990	91	13
communication	1991	95	13
communication	1992	99	14
communication	1993	105	15
communication	1994	111	15
communication	1995	116	16
communication	1996	120	17
communication	1997	121	17
communication	1998	121	17
communication	1999	118	16
communication	2000	114	16
communication	2001	108	15
communication	2002	103	14
communication	2003	97	13
communication	2004	93	13
communication	2005	90	12
communication	2006	90	12
communication	2007	91	13
communication	2008	95	13
communication	2009	100	14
communication	2010	105	15
communication	2011	111	15
communication	2012	116	16
communication	2013	120	17
communication	2014	121	17
communication	2015	121	17
communication	2016	118	16
communication	2017	114	16
communication	2018	108	15
communication	2019	103	14
computer	1951	9	1
computer	1952	25	3
computer	1953	47	6
computer	1954	75	10
computer	1955	110	15
computer	1956	153	21
computer	1957	204	29
computer	1958	262	37
computer	1959	324	46
computer	1960	387	55
computer	1961	447	63
computer	1962	501	71
computer	1963	547	78
computer	1964	585	83
computer	1965	615	87
computer	1966	640	91
computer	1967	668	95
computer	1968	703	100
computer	1969	752	107
computer	1970	820	117
computer	1971	910	130
computer	1972	1024	146
computer	1973	1156	165
computer	1974	1302	186
computer	1975	1451	207
computer	1976	1593	227
computer	1977	1718	245
computer	1978	1817	259
computer	1979	1884	269
computer	1980	1919	274
computer	1981	1926	275
computer	1982	1914	273
computer	1983	1896	270
computer	1984	1888	269
computer	1985	1905	272
computer	1986	1961	280
computer	1987	2064	294
computer	1988	2218	316
computer	1989	2419	345
computer	1990	2655	379
computer	1991	2910	415
computer	1992	3162	451
computer	1993	3390	484
computer	1994	3575	510
computer	1995	3701	528
computer	1996	3763	537
computer	1997	3761	537
computer	1998	3708	529
computer	1999	3624	517
computer	2000	3534	504
computer	2001	3466	495
computer	2002	3449	492
computer	2003	3503	500
computer	2004	3641	520
computer	2005	3866	552
computer	2006	4166	595
computer	2007	4521	645
computer	2008	4900	700
computer	2009	5269	752
computer	2010	5591	798
computer	2011	5837	833
computer	2012	5985	855
computer	2013	6028	861
computer	2014	5972	853
computer	2015	5838	834
computer	2016	5659	808
computer	2017	5476	782
computer	2018	5333	761
computer	2019	5270	752
data_processor	1951	12	1
data_processor	1952	34	4
data_processor	1953	60	8
data_processor	1954	88	12
data_processor	1955	116	16
data_processor	1956	147	21
data_processor	1957	181	25
data_processor	1958	221	31
data_processor	1959	270	38
data_processor	1960	329	47
data_processor	1961	401	57
data_processor	1962	483	69
data_processor	1963	573	81
data_processor	1964	667	95
data_processor	1965	759	108
data_processor	1966	844	120
data_processor	1967	916	130
data_processor	1968	973	139
data_processor	1969	1013	144
data_processor	1970	1040	148
data_processor	1971	1058	151
data_processor	1972	1076	153
data_processor	1973	1103	157
data_processor	1974	1150	164
data_processor	1975	1222	174
data_processor	1976	1327	189
data_processor	1977	1465	209
data_processor	1978	1631	233
data_processor	1979	1818	259
data_processor	1980	2012	287
data_processor	1981	2201	314
data_processor	1982	2368	338
data_processor	1983	2501	357
data_processor	1984	2592	370
data_processor	1985	2637	376
data_processor	1986	2641	377
data_processor	1987	2615	373
data_processor	1988	2574	367
data_processor	1989	2539	362
data_processor	1990	2530	361
data_processor	1991	2567	366
data_processor	1992	2663	380
data_processor	1993	2825	403
data_processor	1994	3050	435
data_processor	1995	3327	475
data_processor	1996	3635	519
data_processor	1997	3950	564
data_processor	1998	4243	606
data_processor	1999	4488	641
data_processor	2000	4665	666
data_processor	2001	4760	680
data_processor	2002	4773	681
data_processor	2003	4714	673
data_processor	2004	4606	658
data_processor	2005	4477	639
data_processor	2006	4364	623
data_processor	2007	4301	614
data_processor	2008	4318	616
data_processor	2009	4435	633
data_processor	2010	4660	665
data_processor	2011	4984	712
data_processor	2012	5386	769
data_processor	2013	5832	833
data_processor	2014	6282	897
data_processor	2015	6691	955
data_processor	2016	7019	1002
data_processor	2017	7236	1033
data_processor	2018	7326	1046
data_processor	2019	7291	1041
device	1900	513	73
device	1901	543	77
device	1902	576	82
device	1903	610	87
device	1904	639	91
device	1905	660	94
device	1906	671	95
device	1907	670	95
device	1908	657	93
device	1909	635	90
device	1910	607	86
device	1911	576	82
device	1912	548	78
device	1913	526	75
device	1914	514	73
device	1915	514	73
device	1916	526	75
device	1917	549	78
device	1918	581	83
device	1919	616	88
device	1920	652	93
device	1921	683	97
device	1922	705	100
device	1923	716	102
device	1924	715	102
device	1925	701	100
device	1926	677	96
device	1927	647	92
device	1928	614	87
device	1929	584	83
device	1930	561	80
device	1931	548	78
device	1932	548	78
device	1933	561	80
device	1934	586	83
device	1935	619	88
device	1936	657	93
device	1937	695	99
device	1938	727	103
device	1939	751	107
device	1940	762	108
device	1941	760	108
device	1942	745	106
device	1943	719	102
device	1944	686	98
device	1945	652	93
device	1946	620	88
device	1947	595	85
device	1948	582	83
device	1949	582	83
device	1950	596	85
device	1951	622	88
device	1952	657	93
device	1953	697	99
device	1954	737	105
device	1955	771	110
device	1956	796	113
device	1957	807	115
device	1958	805	115
device	1959	788	112
device	1960	761	108
device	1961	726	103
device	1962	689	98
device	1963	655	93
device	1964	629	89
device	1965	615	87
device	1966	616	88
device	1967	630	90
device	1968	658	94
device	1969	696	99
device	1970	738	105
device	1971	780	111
device	1972	816	116
device	1973	841	120
device	1974	853	121
device	1975	850	121
device	1976	832	118
device	1977	803	114
device	1978	766	109
device	1979	727	103
device	1980	691	98
device	1981	664	94
device	1982	649	92
device	1983	649	92
device	1984	665	95
device	1985	695	99
device	1986	734	104
device	1987	779	111
device	1988	822	117
device	1989	860	122
device	1990	887	126
device	1991	899	128
device	1992	895	127
device	1993	876	125
device	1994	844	120
device	1995	805	115
device	1996	764	109
device	1997	726	103
device	1998	698	99
device	1999	683	97
device	2000	683	97
device	2001	700	100
device	2002	731	104
device	2003	773	110
device	2004	819	117
device	2005	865	123
device	2006	904	129
device	2007	932	133
device	2008	944	134
device	2009	940	134
device	2010	919	131
device	2011	886	126
device	2012	845	120
device	2013	801	114
device	2014	762	108
device	2015	732	104
device	2016	716	102
device	2017	717	102
device	2018	735	105
device	2019	768	109
dog	1900	239	34
dog	1901	232	33
dog	1902	222	31
dog	1903	212	30
dog	1904	203	29
dog	1905	196	28
dog	1906	193	27
dog	1907	194	27
dog	1908	200	28
dog	1909	210	30
dog	1910	223	31
dog	1911	238	34
dog	1912	252	36
dog	1913	265	37
dog	1914	275	39
dog	1915	280	40
dog	1916	279	39
dog	1917	275	39
dog	1918	266	38
dog	1919	255	36
dog	1920	243	34
dog	1921	232	33
dog	1922	224	32
dog	1923	220	31
dog	1924	222	31
dog	1925	228	32
dog	1926	239	34
dog	1927	254	36
dog	1928	271	38
dog	1929	287	41
dog	1930	301	43
dog	1931	311	44
dog	1932	317	45
dog	1933	316	45
dog	1934	310	44
dog	1935	300	42
dog	1936	287	41
dog	1937	274	39
dog	1938	261	37
dog	1939	252	36
dog	1940	248	35
dog	1941	249	35
dog	1942	256	36
dog	1943	269	38
dog	1944	285	40
dog	1945	304	43
dog	1946	322	46
dog	1947	337	48
dog	1948	348	49
dog	1949	354	50
dog	1950	353	50
dog	1951	346	49
dog	1952	334	47
dog	1953	320	45
dog	1954	304	43
dog	1955	290	41
dog	1956	280	40
dog	1957	275	39
dog	1958	277	39
dog	1959	285	40
dog	1960	299	42
dog	1961	317	45
dog	1962	337	48
dog	1963	356	50
dog	1964	373	53
dog	1965	385	55
dog	1966	391	55
dog	1967	390	55
dog	1968	382	54
dog	1969	369	52
dog	1970	352	50
dog	1971	335	47
dog	1972	319	45
dog	1973	308	44
dog	1974	303	43
dog	1975	304	43
dog	1976	313	44
dog	1977	328	46
dog	1978	348	49
dog	1979	370	52
dog	1980	391	55
dog	1981	409	58
dog	1982	422	60
dog	1983	428	61
dog	1984	426	60
dog	1985	417	59
dog	1986	403	57
dog	1987	385	55
dog	1988	365	52
dog	1989	348	49
dog	1990	336	48
dog	1991	330	47
dog	1992	332	47
dog	1993	342	48
dog	1994	358	51
dog	1995	379	54
dog	1996	403	57
dog	1997	426	60
dog	1998	446	63
dog	1999	459	65
dog	2000	465	66
dog	2001	463	66
dog	2002	453	64
dog	2003	437	62
dog	2004	417	59
dog	2005	396	56
dog	2006	377	53
dog	2007	364	52
dog	2008	357	51
dog	2009	359	51
dog	2010	370	52
dog	2011	388	55
dog	2012	411	58
dog	2013	436	62
dog	2014	461	65
dog	2015	482	68
dog	2016	496	70
dog	2017	502	71
dog	2018	500	71
dog	2019	488	69
domestic_dog	1900	510	72
domestic_dog	1901	514	73
domestic_dog	1902	510	72
domestic_dog	1903	497	71
domestic_dog	1904	478	68
domestic_dog	1905	455	65
domestic_dog	1906	432	61
domestic_dog	1907	412	58
domestic_dog	1908	398	56
domestic_dog	1909	393	56
domestic_dog	1910	397	56
domestic_dog	1911	409	58
domestic_dog	1912	430	61
domestic_dog	1913	456	65
domestic_dog	1914	484	69
domestic_dog	1915	510	72
domestic_dog	1916	531	75
domestic_dog	1917	545	77
domestic_dog	1918	550	78
domestic_dog	1919	545	77
domestic_dog	1920	531	75
domestic_dog	1921	510	72
domestic_dog	1922	486	69
domestic_dog	1923	461	65
domestic_dog	1924	440	62
domestic_dog	1925	425	60
domestic_dog	1926	419	59
domestic_dog	1927	423	60
domestic_dog	1928	437	62
domestic_dog	1929	459	65
domestic_dog	1930	486	69
domestic_dog	1931	516	73
domestic_dog	1932	544	77
domestic_dog	1933	566	80
domestic_dog	1934	581	83
domestic_dog	1935	585	83
domestic_dog	1936	580	82
domestic_dog	1937	565	80
domestic_dog	1938	542	77
domestic_dog	1939	516	73
domestic_dog	1940	490	70
domestic_dog	1941	467	66
domestic_dog	1942	452	64
domestic_dog	1943	445	63
domestic_dog	1944	450	64
domestic_dog	1945	465	66
domestic_dog	1946	488	69
domestic_dog	1947	517	73
domestic_dog	1948	548	78
domestic_dog	1949	578	82
domestic_dog	1950	601	85
domestic_dog	1951	616	88
domestic_dog	1952	621	88
domestic_dog	1953	614	87
domestic_dog	1954	598	85
domestic_dog	1955	574	82
domestic_dog	1956	546	78
domestic_dog	1957	519	74
domestic_dog	1958	495	70
domestic_dog	1959	478	68
domestic_dog	1960	472	67
domestic_dog	1961	477	68
domestic_dog	1962	492	70
domestic_dog	1963	517	73
domestic_dog	1964	548	78
domestic_dog	1965	581	83
domestic_dog	1966	612	87
domestic_dog	1967	636	90
domestic_dog	1968	652	93
domestic_dog	1969	656	93
domestic_dog	1970	649	92
domestic_dog	1971	632	90
domestic_dog	1972	606	86
domestic_dog	1973	577	82
domestic_dog	1974	547	78
domestic_dog	1975	522	74
domestic_dog	1976	505	72
domestic_dog	1977	498	71
domestic_dog	1978	503	71
domestic_dog	1979	520	74
domestic_dog	1980	546	78
domestic_dog	1981	579	82
domestic_dog	1982	613	87
domestic_dog	1983	646	92
domestic_dog	1984	671	95
domestic_dog	1985	688	98
domestic_dog	1986	692	98
domestic_dog	1987	684	97
domestic_dog	1988	665	95
domestic_dog	1989	638	91
domestic_dog	1990	607	86
domestic_dog	1991	576	82
domestic_dog	1992	549	78
domestic_dog	1993	531	75
domestic_dog	1994	524	74
domestic_dog	1995	530	75
domestic_dog	1996	548	78
domestic_dog	1997	575	82
domestic_dog	1998	609	87
domestic_dog	1999	646	92
domestic_dog	2000	680	97
domestic_dog	2001	707	101
domestic_dog	2002	723	103
domestic_dog	2003	727	103
domestic_dog	2004	719	102
domestic_dog	2005	699	99
domestic_dog	2006	670	95
domestic_dog	2007	637	91
domestic_dog	2008	604	86
domestic_dog	2009	577	82
domestic_dog	2010	558	79
domestic_dog	2011	551	78
domestic_dog	2012	557	79
domestic_dog	2013	575	82
domestic_dog	2014	604	86
domestic_dog	2015	640	91
domestic_dog	2016	678	96
domestic_dog	2017	714	102
domestic_dog	2018	742	106
domestic_dog	2019	759	108
eagle	1900	643	91
eagle	1901	652	93
eagle	1902	650	92
eagle	1903	636	90
eagle	1904	614	87
eagle	1905	588	84
eagle	1906	560	80
eagle	1907	537	76
eagle	1908	521	74
eagle	1909	516	73
eagle	1910	523	74
eagle	1911	542	77
eagle	1912	572	81
eagle	1913	608	86
eagle	1914	648	92
eagle	1915	686	98
eagle	1916	717	102
eagle	1917	739	105
eagle	1918	748	106
eagle	1919	743	106
eagle	1920	727	103
eagle	1921	701	100
eagle	1922	670	95
eagle	1923	638	91
eagle	1924	611	87
eagle	1925	593	84
eagle	1926	586	83
eagle	1927	594	84
eagle	1928	615	87
eagle	1929	648	92
eagle	1930	690	98
eagle	1931	734	104
eagle	1932	776	110
eagle	1933	810	115
eagle	1934	834	119
eagle	1935	843	120
eagle	1936	837	119
eagle	1937	818	116
eagle	1938	788	112
eagle	1939	752	107
eagle	1940	716	102
eagle	1941	685	97
eagle	1942	664	94
eagle	1943	657	93
eagle	1944	665	95
eagle	1945	689	98
eagle	1946	726	103
eagle	1947	771	110
eagle	1948	820	117
eagle	1949	866	123
eagle	1950	904	129
eagle	1951	929	132
eagle	1952	938	134
eagle	1953	931	133
eagle	1954	908	129
eagle	1955	875	125
eagle	1956	834	119
eagle	1957	794	113
eagle	1958	759	108
eagle	1959	735	105
eagle	1960	727	103
eagle	1961	736	105
eagle	1962	763	109
eagle	1963	803	114
eagle	1964	853	121
eagle	1965	906	129
eagle	1966	956	136
eagle	1967	997	142
eagle	1968	1024	146
eagle	1969	1033	147
eagle	1970	1024	146
eagle	1971	999	142
eagle	1972	961	137
eagle	1973	916	130
eagle	1974	871	124
eagle	1975	833	119
eagle	1976	807	115
eagle	1977	798	114
eagle	1978	808	115
eagle	1979	836	119
eagle	1980	880	125
eagle	1981	934	133
eagle	1982	992	141
eagle	1983	1047	149
eagle	1984	1091	155
eagle	1985	1119	159
eagle	1986	1129	161
eagle	1987	1118	159
eagle	1988	1089	155
eagle	1989	1047	149
eagle	1990	998	142
eagle	1991	948	135
eagle	1992	906	129
eagle	1993	878	125
eagle	1994	868	124
eagle	1995	879	125
eagle	1996	910	130
eagle	1997	958	136
eagle	1998	1016	145
eagle	1999	1079	154
eagle	2000	1137	162
eagle	2001	1185	169
eagle	2002	1214	173
eagle	2003	1224	174
eagle	2004	1211	173
eagle	2005	1180	168
eagle	2006	1133	161
eagle	2007	1079	154
eagle	2008	1025	146
eagle	2009	980	140
eagle	2010	949	135
eagle	2011	939	134
eagle	2012	951	135
eagle	2013	984	140
eagle	2014	1035	147
eagle	2015	1099	157
eagle	2016	1166	166
eagle	2017	1228	175
eagle	2018	1278	182
eagle	2019	1310	187
edifice	1900	222	31
edifice	1901	232	33
edifice	1902	244	34
edifice	1903	258	36
edifice	1904	271	38
edifice	1905	281	40
edifice	1906	288	41
edifice	1907	290	41
edifice	1908	287	41
edifice	1909	279	39
edifice	1910	267	38
edifice	1911	253	36
edifice	1912	239	34
edifice	1913	227	32
edifice	1914	217	31
edifice	1915	212	30
edifice	1916	212	30
edifice	1917	217	31
edifice	1918	227	32
edifice	1919	239	34
edifice	1920	252	36
edifice	1921	265	37
edifice	1922	275	39
edifice	1923	282	40
edifice	1924	283	40
edifice	1925	280	40
edifice	1926	272	38
edifice	1927	261	37
edifice	1928	247	35
edifice	1929	234	33
edifice	1930	221	31
edifice	1931	212	30
edifice	1932	207	29
edifice	1933	208	29
edifice	1934	212	30
edifice	1935	222	31
edifice	1936	233	33
edifice	1937	246	35
edifice	1938	259	37
edifice	1939	269	38
edifice	1940	275	39
edifice	1941	277	39
edifice	1942	273	39
edifice	1943	266	38
edifice	1944	254	36
edifice	1945	241	34
edifice	1946	228	32
edifice	1947	216	30
edifice	1948	207	29
edifice	1949	202	28
edifice	1950	203	29
edifice	1951	208	29
edifice	1952	216	30
edifice	1953	228	32
edifice	1954	241	34
edifice	1955	253	36
edifice	1956	263	37
edifice	1957	269	38
edifice	1958	270	38
edifice	1959	267	38
edifice	1960	259	37
edifice	1961	248	35
edifice	1962	235	33
edifice	1963	222	31
edifice	1964	210	30
edifice	1965	202	28
edifice	1966	198	28
edifice	1967	198	28
edifice	1968	203	29
edifice	1969	211	30
edifice	1970	223	31
edifice	1971	235	33
edifice	1972	247	35
edifice	1973	256	36
edifice	1974	262	37
edifice	1975	263	37
edifice	1976	260	37
edifice	1977	253	36
edifice	1978	242	34
edifice	1979	229	32
edifice	1980	216	30
edifice	1981	205	29
edifice	1982	197	28
edifice	1983	193	27
edifice	1984	193	27
edifice	1985	198	28
edifice	1986	206	29
edifice	1987	217	31
edifice	1988	229	32
edifice	1989	241	34
edifice	1990	250	35
edifice	1991	255	36
edifice	1992	257	36
edifice	1993	253	36
edifice	1994	246	35
edifice	1995	235	33
edifice	1996	223	31
edifice	1997	211	30
edifice	1998	200	28
edifice	1999	192	27
edifice	2000	188	26
edifice	2001	188	26
edifice	2002	193	27
edifice	2003	201	28
edifice	2004	212	30
edifice	2005	224	32
edifice	2006	235	33
edifice	2007	244	34
edifice	2008	249	35
edifice	2009	250	35
edifice	2010	247	35
edifice	2011	239	34
edifice	2012	229	32
edifice	2013	217	31
edifice	2014	205	29
edifice	2015	194	27
edifice	2016	187	26
edifice	2017	183	26
edifice	2018	183	26
edifice	2019	188	26
english	1900	552	78
english	1901	577	82
english	1902	609	87
english	1903	645	92
english	1904	680	97
english	1905	709	101
english	1906	728	104
english	1907	735	105
english	1908	729	104
english	1909	711	101
english	1910	683	97
english	1911	650	92
english	1912	616	88
english	1913	585	83
english	1914	563	80
english	1915	551	78
english	1916	553	79
english	1917	568	81
english	1918	593	84
english	1919	627	89
english	1920	664	94
english	1921	700	100
english	1922	729	104
english	1923	748	106
english	1924	755	107
english	1925	749	107
english	1926	730	104
english	1927	702	100
english	1928	667	95
english	1929	632	90
english	1930	601	85
english	1931	578	82
english	1932	567	81
english	1933	569	81
english	1934	584	83
english	1935	610	87
english	1936	645	92
english	1937	683	97
english	1938	719	102
english	1939	749	107
english	1940	769	109
english	1941	776	110
english	1942	769	109
english	1943	750	107
english	1944	720	102
english	1945	685	97
english	1946	649	92
english	1947	617	88
english	1948	593	84
english	1949	582	83
english	1950	584	83
english	1951	600	85
english	1952	627	89
english	1953	663	94
english	1954	702	100
english	1955	739	105
english	1956	770	110
english	1957	790	112
english	1958	796	113
english	1959	789	112
english	1960	769	109
english	1961	738	105
english	1962	702	100
english	1963	665	95
english	1964	632	90
english	1965	608	86
english	1966	597	85
english	1967	599	85
english	1968	616	88
english	1969	644	92
english	1970	681	97
english	1971	721	103
english	1972	759	108
english	1973	790	112
english	1974	810	115
english	1975	817	116
english	1976	809	115
english	1977	788	112
english	1978	757	108
english	1979	719	102
english	1980	681	97
english	1981	648	92
english	1982	624	89
english	1983	612	87
english	1984	615	87
english	1985	632	90
english	1986	661	94
english	1987	699	99
english	1988	740	105
english	1989	779	111
english	1990	811	115
english	1991	831	118
english	1992	838	119
english	1993	829	118
english	1994	807	115
english	1995	775	110
english	1996	737	105
english	1997	698	99
english	1998	663	94
english	1999	639	91
english	2000	627	89
english	2001	630	90
english	2002	648	92
english	2003	678	96
english	2004	717	102
english	2005	759	108
english	2006	799	114
english	2007	831	118
english	2008	852	121
english	2009	858	122
english	2010	849	121
english	2011	827	118
english	2012	793	113
english	2013	754	107
english	2014	714	102
english	2015	679	97
english	2016	654	93
english	2017	642	91
english	2018	646	92
english	2019	664	94
entity	1900	79	11
entity	1901	83	11
entity	1902	87	12
entity	1903	89	12
entity	1904	89	12
entity	1905	88	12
entity	1906	86	12
entity	1907	83	11
entity	1908	79	11
entity	1909	75	10
entity	1910	72	10
entity	1911	70	10
entity	1912	70	10
entity	1913	72	10
entity	1914	75	10
entity	1915	79	11
entity	1916	84	12
entity	1917	89	12
entity	1918	94	13
entity	1919	98	14
entity	1920	100	14
entity	1921	101	14
entity	1922	100	14
entity	1923	97	13
entity	1924	93	13
entity	1925	89	12
entity	1926	85	12
entity	1927	81	11
entity	1928	79	11
entity	1929	79	11
entity	1930	80	11
entity	1931	83	11
entity	1932	88	12
entity	1933	94	13
entity	1934	100	14
entity	1935	105	15
entity	1936	109	15
entity	1937	112	16
entity	1938	112	16
entity	1939	111	15
entity	1940	108	15
entity	1941	103	14
entity	1942	98	14
entity	1943	94	13
entity	1944	90	12
entity	1945	88	12
entity	1946	87	12
entity	1947	89	12
entity	1948	92	13
entity	1949	98	14
entity	1950	104	14
entity	1951	110	15
entity	1952	116	16
entity	1953	121	17
entity	1954	123	17
entity	1955	124	17
entity	1956	122	17
entity	1957	119	17
entity	1958	114	16
entity	1959	108	15
entity	1960	103	14
entity	1961	99	14
entity	1962	96	13
entity	1963	96	13
entity	1964	97	13
entity	1965	101	14
entity	1966	107	15
entity	1967	114	16
entity	1968	121	17
entity	1969	127	18
entity	1970	132	18
entity	1971	135	19
entity	1972	135	19
entity	1973	133	19
entity	1974	129	18
entity	1975	124	17
entity	1976	118	16
entity	1977	112	16
entity	1978	107	15
entity	1979	105	15
entity	1980	104	14
entity	1981	106	15
entity	1982	111	15
entity	1983	117	16
entity	1984	124	17
entity	1985	131	18
entity	1986	138	19
entity	1987	143	20
entity	1988	146	20
entity	1989	147	21
entity	1990	145	20
entity	1991	140	20
entity	1992	134	19
entity	1993	128	18
entity	1994	121	17
entity	1995	116	16
entity	1996	113	16
entity	1997	113	16
entity	1998	115	16
entity	1999	120	17
entity	2000	126	18
entity	2001	134	19
entity	2002	142	20
entity	2003	149	21
entity	2004	155	22
entity	2005	158	22
entity	2006	158	22
entity	2007	156	22
entity	2008	151	21
entity	2009	144	20
entity	2010	137	19
entity	2011	130	18
entity	2012	125	17
entity	2013	122	17
entity	2014	121	17
entity	2015	124	17
entity	2016	129	18
entity	2017	136	19
entity	2018	144	20
entity	2019	153	21
fish	1900	1135	162
fish	1901	1138	162
fish	1902	1121	160
fish	1903	1086	155
fish	1904	1038	148
fish	1905	983	140
fish	1906	927	132
fish	1907	879	125
fish	1908	844	120
fish	1909	827	118
fish	1910	830	118
fish	1911	851	121
fish	1912	889	127
fish	1913	936	133
fish	1914	987	141
fish	1915	1034	147
fish	1916	1071	153
fish	1917	1092	156
fish	1918	1095	156
fish	1919	1078	154
fish	1920	1044	149
fish	1921	997	142
fish	1922	944	134
fish	1923	890	127
fish	1924	844	120
fish	1925	811	115
fish	1926	795	113
fish	1927	798	114
fish	1928	819	117
fish	1929	855	122
fish	1930	900	128
fish	1931	949	135
fish	1932	994	142
fish	1933	1029	147
fish	1934	1049	149
fish	1935	1051	150
fish	1936	1034	147
fish	1937	1001	143
fish	1938	956	136
fish	1939	905	129
fish	1940	853	121
fish	1941	809	115
fish	1942	778	111
fish	1943	762	108
fish	1944	765	109
fish	1945	786	112
fish	1946	820	117
fish	1947	864	123
fish	1948	911	130
fish	1949	954	136
fish	1950	987	141
fish	1951	1006	143
fish	1952	1007	143
fish	1953	991	141
fish	1954	959	137
fish	1955	915	130
fish	1956	866	123
fish	1957	817	116
fish	1958	774	110
fish	1959	744	106
fish	1960	730	104
fish	1961	733	104
fish	1962	753	107
fish	1963	786	112
fish	1964	828	118
fish	1965	873	124
fish	1966	914	130
fish	1967	945	135
fish	1968	962	137
fish	1969	963	137
fish	1970	947	135
fish	1971	916	130
fish	1972	875	125
fish	1973	827	118
fish	1974	780	111
fish	1975	740	105
fish	1976	711	101
fish	1977	698	99
fish	1978	701	100
fish	1979	720	102
fish	1980	752	107
fish	1981	792	113
fish	1982	834	119
fish	1983	873	124
fish	1984	903	129
fish	1985	919	131
fish	1986	920	131
fish	1987	904	129
fish	1988	874	124
fish	1989	834	119
fish	1990	788	112
fish	1991	744	106
fish	1992	705	100
fish	1993	678	96
fish	1994	665	95
fish	1995	669	95
fish	1996	687	98
fish	1997	717	102
fish	1998	756	108
fish	1999	796	113
fish	2000	833	119
fish	2001	861	123
fish	2002	876	125
fish	2003	876	125
fish	2004	861	123
fish	2005	832	118
fish	2006	793	113
fish	2007	750	107
fish	2008	707	101
fish	2009	671	95
fish	2010	645	92
fish	2011	633	90
fish	2012	636	90
fish	2013	654	93
fish	2014	683	97
fish	2015	719	102
fish	2016	757	108
fish	2017	792	113
fish	2018	819	117
fish	2019	833	119
flora	1900	534	76
flora	1901	518	74
flora	1902	497	71
flora	1903	475	67
flora	1904	454	64
flora	1905	439	62
flora	1906	432	61
flora	1907	436	62
flora	1908	449	64
flora	1909	472	67
flora	1910	502	71
flora	1911	535	76
flora	1912	568	81
flora	1913	597	85
flora	1914	619	88
flora	1915	630	90
flora	1916	630	90
flora	1917	620	88
flora	1918	601	85
flora	1919	576	82
flora	1920	549	78
flora	1921	524	74
flora	1922	507	72
flora	1923	498	71
flora	1924	502	71
flora	1925	517	73
flora	1926	543	77
flora	1927	576	82
flora	1928	614	87
flora	1929	651	93
flora	1930	684	97
flora	1931	707	101
flora	1932	719	102
flora	1933	719	102
flora	1934	706	100
flora	1935	683	97
flora	1936	654	93
flora	1937	623	89
flora	1938	595	85
flora	1939	574	82
flora	1940	564	80
flora	1941	568	81
flora	1942	585	83
flora	1943	614	87
flora	1944	651	93
flora	1945	693	99
flora	1946	735	105
flora	1947	770	110
flora	1948	796	113
flora	1949	808	115
flora	1950	807	115
flora	1951	792	113
flora	1952	765	109
flora	1953	732	104
flora	1954	696	99
flora	1955	665	95
flora	1956	641	91
flora	1957	630	90
flora	1958	634	90
flora	1959	653	93
flora	1960	685	97
flora	1961	726	103
flora	1962	773	110
flora	1963	818	116
flora	1964	857	122
flora	1965	884	126
flora	1966	898	128
flora	1967	895	127
flora	1968	877	125
flora	1969	847	121
flora	1970	810	115
flora	1971	770	110
flora	1972	735	105
flora	1973	709	101
flora	1974	696	99
flora	1975	700	100
flora	1976	721	103
flora	1977	756	108
flora	1978	801	114
flora	1979	852	121
flora	1980	901	128
flora	1981	944	134
flora	1982	973	139
flora	1983	987	141
flora	1984	983	140
flora	1985	963	137
flora	1986	929	132
flora	1987	887	126
flora	1988	844	120
flora	1989	804	114
flora	1990	776	110
flora	1991	762	108
flora	1992	767	109
flora	1993	789	112
flora	1994	827	118
flora	1995	877	125
flora	1996	932	133
flora	1997	985	140
flora	1998	1030	147
flora	1999	1062	151
flora	2000	1076	153
flora	2001	1071	153
flora	2002	1048	149
flora	2003	1011	144
flora	2004	965	137
flora	2005	917	131
flora	2006	874	124
flora	2007	843	120
flora	2008	828	118
flora	2009	833	119
flora	2010	857	122
flora	2011	899	128
flora	2012	952	136
flora	2013	1011	144
flora	2014	1069	152
flora	2015	1117	159
flora	2016	1151	164
flora	2017	1165	166
flora	2018	1159	165
flora	2019	1133	161
flower	1900	75	10
flower	1901	75	10
flower	1902	76	10
flower	1903	79	11
flower	1904	83	11
flower	1905	88	12
flower	1906	94	13
flower	1907	99	14
flower	1908	103	14
flower	1909	106	15
flower	1910	107	15
flower	1911	106	15
flower	1912	103	14
flower	1913	99	14
flower	1914	95	13
flower	1915	90	12
flower	1916	86	12
flower	1917	84	12
flower	1918	83	11
flower	1919	84	12
flower	1920	87	12
flower	1921	92	13
flower	1922	98	14
flower	1923	104	14
flower	1924	109	15
flower	1925	114	16
flower	1926	117	16
flower	1927	118	16
flower	1928	117	16
flower	1929	114	16
flower	1930	109	15
flower	1931	104	14
flower	1932	99	14
flower	1933	95	13
flower	1934	92	13
flower	1935	91	13
flower	1936	92	13
flower	1937	96	13
flower	1938	101	14
flower	1939	107	15
flower	1940	114	16
flower	1941	120	17
flower	1942	125	17
flower	1943	128	18
flower	1944	129	18
flower	1945	127	18
flower	1946	124	17
flower	1947	119	17
flower	1948	113	16
flower	1949	108	15
flower	1950	103	14
flower	1951	100	14
flower	1952	99	14
flower	1953	100	14
flower	1954	104	14
flower	1955	110	15
flower	1956	116	16
flower	1957	124	17
flower	1958	130	18
flower	1959	135	19
flower	1960	139	19
flower	1961	140	20
flower	1962	138	19
flower	1963	134	19
flower	1964	129	18
flower	1965	123	17
flower	1966	116	16
flower	1967	111	15
flower	1968	108	15
flower	1969	107	15
flower	1970	109	15
flower	1971	113	16
flower	1972	119	17
flower	1973	126	18
flower	1974	133	19
flower	1975	141	20
flower	1976	146	20
flower	1977	150	21
flower	1978	150	21
flower	1979	149	21
flower	1980	145	20
flower	1981	139	19
flower	1982	132	18
flower	1983	125	17
flower	1984	120	17
flower	1985	116	16
flower	1986	115	16
flower	1987	117	16
flower	1988	121	17
flower	1989	127	18
flower	1990	135	19
flower	1991	143	20
flower	1992	151	21
flower	1993	157	22
flower	1994	160	22
flower	1995	161	23
flower	1996	159	22
flower	1997	155	22
flower	1998	148	21
flower	1999	141	20
flower	2000	134	19
flower	2001	128	18
flower	2002	124	17
flower	2003	123	17
flower	2004	125	17
flower	2005	130	18
flower	2006	136	19
flower	2007	145	20
flower	2008	153	21
flower	2009	161	23
flower	2010	168	24
flower	2011	171	24
flower	2012	172	24
flower	2013	170	24
flower	2014	165	23
flower	2015	158	22
flower	2016	150	21
flower	2017	143	20
flower	2018	136	19
flower	2019	132	18
group	1900	569	81
group	1901	551	78
group	1902	528	75
group	1903	504	72
group	1904	482	68
group	1905	465	66
group	1906	458	65
group	1907	460	65
group	1908	474	67
group	1909	498	71
group	1910	529	75
group	1911	564	80
group	1912	598	85
group	1913	628	89
group	1914	650	92
group	1915	661	94
group	1916	661	94
group	1917	650	92
group	1918	629	89
group	1919	602	86
group	1920	574	82
group	1921	548	78
group	1922	529	75
group	1923	520	74
group	1924	523	74
group	1925	538	76
group	1926	565	80
group	1927	599	85
group	1928	638	91
group	1929	676	96
group	1930	710	101
group	1931	733	104
group	1932	745	106
group	1933	744	106
group	1934	730	104
group	1935	706	100
group	1936	676	96
group	1937	643	91
group	1938	614	87
group	1939	592	84
group	1940	582	83
group	1941	585	83
group	1942	602	86
group	1943	632	90
group	1944	670	95
group	1945	713	101
group	1946	755	107
group	1947	791	113
group	1948	817	116
group	1949	830	118
group	1950	827	118
group	1951	811	115
group	1952	784	112
group	1953	749	107
group	1954	713	101
group	1955	680	97
group	1956	656	93
group	1957	644	92
group	1958	648	92
group	1959	667	95
group	1960	699	99
group	1961	741	105
group	1962	788	112
group	1963	834	119
group	1964	873	124
group	1965	901	128
group	1966	914	130
group	1967	910	130
group	1968	892	127
group	1969	861	123
group	1970	823	117
group	1971	782	111
group	1972	746	106
group	1973	719	102
group	1974	706	100
group	1975	710	101
group	1976	731	104
group	1977	766	109
group	1978	812	116
group	1979	863	123
group	1980	912	130
group	1981	955	136
group	1982	984	140
group	1983	998	142
group	1984	993	141
group	1985	973	139
group	1986	938	134
group	1987	896	128
group	1988	851	121
group	1989	812	116
group	1990	782	111
group	1991	769	109
group	1992	773	110
group	1993	795	113
group	1994	833	119
group	1995	883	126
group	1996	938	134
group	1997	991	141
group	1998	1037	148
group	1999	1068	152
group	2000	1082	154
group	2001	1076	153
group	2002	1053	150
group	2003	1015	145
group	2004	969	138
group	2005	920	131
group	2006	877	125
group	2007	846	120
group	2008	831	118
group	2009	835	119
group	2010	859	122
group	2011	901	128
group	2012	954	136
group	2013	1013	144
group	2014	1070	152
group	2015	1119	159
group	2016	1152	164
group	2017	1166	166
group	2018	1159	165
group	2019	1133	161
house	1900	797	113
house	1901	763	109
house	1902	737	105
house	1903	723	103
house	1904	724	103
house	1905	743	106
house	1906	779	111
house	1907	827	118
house	1908	884	126
house	1909	943	134
house	1910	996	142
house	1911	1038	148
house	1912	1065	152
house	1913	1073	153
house	1914	1062	151
house	1915	1035	147
house	1916	996	142
house	1917	952	136
house	1918	910	130
house	1919	877	125
house	1920	859	122
house	1921	860	122
house	1922	881	125
house	1923	922	131
house	1924	978	139
house	1925	1044	149
house	1926	1111	158
house	1927	1172	167
house	1928	1219	174
house	1929	1248	178
house	1930	1255	179
house	1931	1240	177
house	1932	1207	172
house	1933	1160	165
house	1934	1107	158
house	1935	1057	151
house	1936	1017	145
house	1937	995	142
house	1938	995	142
house	1939	1019	145
house	1940	1066	152
house	1941	1129	161
house	1942	1203	171
house	1943	1279	182
house	1944	1347	192
house	1945	1400	200
house	1946	1431	204
house	1947	1437	205
house	1948	1418	202
house	1949	1378	196
house	1950	1323	189
house	1951	1261	180
house	1952	1203	171
house	1953	1157	165
house	1954	1131	161
house	1955	1131	161
house	1956	1158	165
house	1957	1209	172
house	1958	1281	183
house	1959	1363	194
house	1960	1448	206
house	1961	1523	217
house	1962	1581	225
house	1963	1615	230
house	1964	1619	231
house	1965	1596	228
house	1966	1549	221
house	1967	1486	212
house	1968	1415	202
house	1969	1349	192
house	1970	1297	185
house	1971	1267	181
house	1972	1267	181
house	1973	1296	185
house	1974	1353	193
house	1975	1432	204
house	1976	1524	217
house	1977	1617	231
house	1978	1700	242
house	1979	1763	251
house	1980	1798	256
house	1981	1801	257
house	1982	1774	253
house	1983	1720	245
house	1984	1648	235
house	1985	1569	224
house	1986	1494	213
house	1987	1436	205
house	1988	1403	200
house	1989	1402	200
house	1990	1435	205
house	1991	1498	214
house	1992	1584	226
house	1993	1685	240
house	1994	1786	255
house	1995	1876	268
house	1996	1944	277
house	1997	1981	283
house	1998	1983	283
house	1999	1952	278
house	2000	1891	270
house	2001	1810	258
house	2002	1722	246
house	2003	1640	234
house	2004	1575	225
house	2005	1539	219
house	2006	1538	219
house	2007	1573	224
house	2008	1642	234
house	2009	1737	248
house	2010	1846	263
house	2011	1956	279
house	2012	2053	293
house	2013	2126	303
house	2014	2164	309
house	2015	2165	309
house	2016	2129	304
house	2017	2061	294
house	2018	1972	281
house	2019	1875	267
jump	1900	953	136
jump	1901	911	130
jump	1902	879	125
jump	1903	861	123
jump	1904	862	123
jump	1905	884	126
jump	1906	925	132
jump	1907	982	140
jump	1908	1048	149
jump	1909	1117	159
jump	1910	1179	168
jump	1911	1228	175
jump	1912	1258	179
jump	1913	1267	181
jump	1914	1253	179
jump	1915	1220	174
jump	1916	1173	167
jump	1917	1121	160
jump	1918	1070	152
jump	1919	1030	147
jump	1920	1008	144
jump	1921	1009	144
jump	1922	1033	147
jump	1923	1080	154
jump	1924	1145	163
jump	1925	1221	174
jump	1926	1299	185
jump	1927	1369	195
jump	1928	1424	203
jump	1929	1457	208
jump	1930	1464	209
jump	1931	1446	206
jump	1932	1406	200
jump	1933	1350	192
jump	1934	1288	184
jump	1935	1229	175
jump	1936	1182	168
jump	1937	1156	165
jump	1938	1156	165
jump	1939	1183	169
jump	1940	1236	176
jump	1941	1309	187
jump	1942	1394	199
jump	1943	1481	211
jump	1944	1559	222
jump	1945	1620	231
jump	1946	1655	236
jump	1947	1661	237
jump	1948	1638	234
jump	1949	1591	227
jump	1950	1527	218
jump	1951	1455	207
jump	1952	1387	198
jump	1953	1333	190
jump	1954	1303	186
jump	1955	1302	186
jump	1956	1333	190
jump	1957	1391	198
jump	1958	1473	210
jump	1959	1568	224
jump	1960	1664	237
jump	1961	1750	250
jump	1962	1816	259
jump	1963	1853	264
jump	1964	1858	265
jump	1965	1831	261
jump	1966	1776	253
jump	1967	1703	243
jump	1968	1621	231
jump	1969	1545	220
jump	1970	1484	212
jump	1971	1450	207
jump	1972	1449	207
jump	1973	1482	211
jump	1974	1547	221
jump	1975	1637	233
jump	1976	1741	248
jump	1977	1847	263
jump	1978	1941	277
jump	1979	2012	287
jump	1980	2052	293
jump	1981	2055	293
jump	1982	2023	289
jump	1983	1961	280
jump	1984	1879	268
jump	1985	1788	255
jump	1986	1702	243
jump	1987	1635	233
jump	1988	1598	228
jump	1989	1596	228
jump	1990	1632	233
jump	1991	1704	243
jump	1992	1802	257
jump	1993	1915	273
jump	1994	2030	290
jump	1995	2132	304
jump	1996	2208	315
jump	1997	2250	321
jump	1998	2252	321
jump	1999	2215	316
jump	2000	2146	306
jump	2001	2054	293
jump	2002	1954	279
jump	2003	1860	265
jump	2004	1786	255
jump	2005	1745	249
jump	2006	1743	249
jump	2007	1783	254
jump	2008	1860	265
jump	2009	1967	281
jump	2010	2090	298
jump	2011	2214	316
jump	2012	2324	332
jump	2013	2405	343
jump	2014	2448	349
jump	2015	2449	349
jump	2016	2407	343
jump	2017	2330	332
jump	2018	2229	318
jump	2019	2119	302
kitten	1900	604	86
kitten	1901	635	90
kitten	1902	660	94
kitten	1903	674	96
kitten	1904	677	96
kitten	1905	668	95
kitten	1906	649	92
kitten	1907	622	88
kitten	1908	592	84
kitten	1909	562	80
kitten	1910	538	76
kitten	1911	523	74
kitten	1912	520	74
kitten	1913	528	75
kitten	1914	549	78
kitten	1915	579	82
kitten	1916	615	87
kitten	1917	652	93
kitten	1918	685	97
kitten	1919	711	101
kitten	1920	726	103
kitten	1921	729	104
kitten	1922	719	102
kitten	1923	697	99
kitten	1924	668	95
kitten	1925	635	90
kitten	1926	604	86
kitten	1927	578	82
kitten	1928	562	80
kitten	1929	558	79
kitten	1930	568	81
kitten	1931	590	84
kitten	1932	622	88
kitten	1933	660	94
kitten	1934	699	99
kitten	1935	735	105
kitten	1936	762	108
kitten	1937	778	111
kitten	1938	781	111
kitten	1939	769	109
kitten	1940	746	106
kitten	1941	715	102
kitten	1942	679	97
kitten	1943	645	92
kitten	1944	618	88
kitten	1945	600	85
kitten	1946	596	85
kitten	1947	607	86
kitten	1948	630	90
kitten	1949	665	95
kitten	1950	705	100
kitten	1951	747	106
kitten	1952	785	112
kitten	1953	814	116
kitten	1954	830	118
kitten	1955	832	118
kitten	1956	820	117
kitten	1957	795	113
kitten	1958	761	108
kitten	1959	723	103
kitten	1960	687	98
kitten	1961	657	93
kitten	1962	639	91
kitten	1963	635	90
kitten	1964	646	92
kitten	1965	671	95
kitten	1966	708	101
kitten	1967	751	107
kitten	1968	795	113
kitten	1969	835	119
kitten	1970	865	123
kitten	1971	882	126
kitten	1972	884	126
kitten	1973	870	124
kitten	1974	843	120
kitten	1975	807	115
kitten	1976	766	109
kitten	1977	728	104
kitten	1978	697	99
kitten	1979	677	96
kitten	1980	673	96
kitten	1981	685	97
kitten	1982	712	101
kitten	1983	751	107
kitten	1984	796	113
kitten	1985	843	120
kitten	1986	885	126
kitten	1987	917	131
kitten	1988	934	133
kitten	1989	935	133
kitten	1990	920	131
kitten	1991	891	127
kitten	1992	853	121
kitten	1993	810	115
kitten	1994	769	109
kitten	1995	736	105
kitten	1996	716	102
kitten	1997	712	101
kitten	1998	725	103
kitten	1999	753	107
kitten	2000	794	113
kitten	2001	842	120
kitten	2002	891	127
kitten	2003	935	133
kitten	2004	968	138
kitten	2005	986	140
kitten	2006	987	141
kitten	2007	971	138
kitten	2008	940	134
kitten	2009	899	128
kitten	2010	853	121
kitten	2011	810	115
kitten	2012	776	110
kitten	2013	754	107
kitten	2014	750	107
kitten	2015	764	109
kitten	2016	794	113
kitten	2017	837	119
kitten	2018	888	126
kitten	2019	940	134
language	1900	726	103
language	1901	729	104
language	1902	719	102
language	1903	698	99
language	1904	668	95
language	1905	633	90
language	1906	598	85
language	1907	568	81
language	1908	547	78
language	1909	536	76
language	1910	539	77
language	1911	554	79
language	1912	579	82
language	1913	611	87
language	1914	645	92
language	1915	677	96
language	1916	703	100
language	1917	718	102
language	1918	721	103
language	1919	711	101
language	1920	690	98
language	1921	660	94
language	1922	625	89
language	1923	591	84
language	1924	561	80
language	1925	540	77
language	1926	530	75
language	1927	533	76
language	1928	548	78
language	1929	573	81
language	1930	605	86
language	1931	639	91
language	1932	670	95
language	1933	695	99
language	1934	710	101
language	1935	712	101
language	1936	702	100
language	1937	681	97
language	1938	652	93
language	1939	617	88
language	1940	584	83
language	1941	554	79
language	1942	534	76
language	1943	524	74
language	1944	527	75
language	1945	542	77
language	1946	567	81
language	1947	598	85
language	1948	632	90
language	1949	663	94
language	1950	687	98
language	1951	702	100
language	1952	704	100
language	1953	694	99
language	1954	673	96
language	1955	643	91
language	1956	610	87
language	1957	576	82
language	1958	547	78
language	1959	527	75
language	1960	518	74
language	1961	521	74
language	1962	536	76
language	1963	561	80
language	1964	592	84
language	1965	625	89
language	1966	656	93
language	1967	680	97
language	1968	694	99
language	1969	696	99
language	1970	685	97
language	1971	664	94
language	1972	635	90
language	1973	602	86
language	1974	569	81
language	1975	540	77
language	1976	521	74
language	1977	512	73
language	1978	515	73
language	1979	530	75
language	1980	555	79
language	1981	586	83
language	1982	618	88
language	1983	648	92
language	1984	672	96
language	1985	685	97
language	1986	687	98
language	1987	677	96
language	1988	656	93
language	1989	627	89
language	1990	594	84
language	1991	561	80
language	1992	534	76
language	1993	514	73
language	1994	506	72
language	1995	509	72
language	1996	524	74
language	1997	549	78
language	1998	579	82
language	1999	611	87
language	2000	641	91
language	2001	664	94
language	2002	677	96
language	2003	679	97
language	2004	669	95
language	2005	648	92
language	2006	619	88
language	2007	586	83
language	2008	554	79
language	2009	527	75
language	2010	508	72
language	2011	499	71
language	2012	503	71
language	2013	518	74
language	2014	543	77
language	2015	573	81
language	2016	605	86
language	2017	634	90
language	2018	656	93
language	2019	669	95
laptop	1991	10	1
laptop	1992	30	4
laptop	1993	56	8
laptop	1994	83	11
laptop	1995	112	16
laptop	1996	140	20
laptop	1997	167	23
laptop	1998	194	27
laptop	1999	222	31
laptop	2000	255	36
laptop	2001	295	42
laptop	2002	346	49
laptop	2003	407	58
laptop	2004	481	68
laptop	2005	563	80
laptop	2006	652	93
laptop	2007	743	106
laptop	2008	828	118
laptop	2009	904	129
laptop	2010	964	137
laptop	2011	1009	144
laptop	2012	1036	148
laptop	2013	1052	150
laptop	2014	1060	151
laptop	2015	1070	152
laptop	2016	1092	156
laptop	2017	1133	161
laptop	2018	1202	171
laptop	2019	1301	185
leap	1900	241	34
leap	1901	254	36
leap	1902	268	38
leap	1903	282	40
leap	1904	294	42
leap	1905	302	43
leap	1906	305	43
leap	1907	303	43
leap	1908	296	42
leap	1909	285	40
leap	1910	270	38
leap	1911	255	36
leap	1912	242	34
leap	1913	231	33
leap	1914	225	32
leap	1915	223	31
leap	1916	227	32
leap	1917	236	33
leap	1918	248	35
leap	1919	262	37
leap	1920	276	39
leap	1921	288	41
leap	1922	296	42
leap	1923	299	42
leap	1924	297	42
leap	1925	289	41
leap	1926	278	39
leap	1927	264	37
leap	1928	250	35
leap	1929	236	33
leap	1930	226	32
leap	1931	220	31
leap	1932	219	31
leap	1933	223	31
leap	1934	231	33
leap	1935	243	34
leap	1936	257	36
leap	1937	270	38
leap	1938	282	40
leap	1939	289	41
leap	1940	292	41
leap	1941	290	41
leap	1942	283	40
leap	1943	272	38
leap	1944	258	36
leap	1945	244	34
leap	1946	231	33
leap	1947	221	31
leap	1948	215	30
leap	1949	214	30
leap	1950	218	31
leap	1951	226	32
leap	1952	238	34
leap	1953	251	35
leap	1954	264	37
leap	1955	276	39
leap	1956	283	40
leap	1957	286	40
leap	1958	283	40
leap	1959	276	39
leap	1960	265	37
leap	1961	252	36
leap	1962	238	34
leap	1963	225	32
leap	1964	216	30
leap	1965	210	30
leap	1966	209	29
leap	1967	213	30
leap	1968	221	31
leap	1969	233	33
leap	1970	246	35
leap	1971	259	37
leap	1972	269	38
leap	1973	277	39
leap	1974	279	39
leap	1975	277	39
leap	1976	270	38
leap	1977	259	37
leap	1978	246	35
leap	1979	232	33
leap	1980	220	31
leap	1981	210	30
leap	1982	205	29
leap	1983	204	29
leap	1984	208	29
leap	1985	216	30
leap	1986	228	32
leap	1987	240	34
leap	1988	253	36
leap	1989	263	37
leap	1990	270	38
leap	1991	273	39
leap	1992	270	38
leap	1993	263	37
leap	1994	253	36
leap	1995	240	34
leap	1996	227	32
leap	1997	215	30
leap	1998	205	29
leap	1999	200	28
leap	2000	199	28
leap	2001	203	29
leap	2002	211	30
leap	2003	222	31
leap	2004	235	33
leap	2005	247	35
leap	2006	257	36
leap	2007	264	37
leap	2008	266	38
leap	2009	264	37
leap	2010	257	36
leap	2011	247	35
leap	2012	234	33
leap	2013	221	31
leap	2014	209	29
leap	2015	200	28
leap	2016	195	27
leap	2017	194	27
leap	2018	198	28
leap	2019	206	29
library	1900	1011	144
library	1901	1015	145
library	1902	1002	143
library	1903	972	138
library	1904	931	133
library	1905	882	126
library	1906	834	119
library	1907	792	113
library	1908	762	108
library	1909	748	106
library	1910	752	107
library	1911	773	110
library	1912	808	115
library	1913	853	121
library	1914	901	128
library	1915	946	135
library	1916	981	140
library	1917	1002	143
library	1918	1006	143
library	1919	993	141
library	1920	963	137
library	1921	922	131
library	1922	874	124
library	1923	826	118
library	1924	785	112
library	1925	755	107
library	1926	742	106
library	1927	746	106
library	1928	767	109
library	1929	802	114
library	1930	846	120
library	1931	894	127
library	1932	938	134
library	1933	973	139
library	1934	994	142
library	1935	998	142
library	1936	984	140
library	1937	954	136
library	1938	913	130
library	1939	866	123
library	1940	818	116
library	1941	777	111
library	1942	748	106
library	1943	735	105
library	1944	740	105
library	1945	761	108
library	1946	796	113
library	1947	840	120
library	1948	887	126
library	1949	931	133
library	1950	965	137
library	1951	986	140
library	1952	989	141
library	1953	975	139
library	1954	945	135
library	1955	904	129
library	1956	857	122
library	1957	810	115
library	1958	770	110
library	1959	741	105
library	1960	729	104
library	1961	733	104
library	1962	755	107
library	1963	790	112
library	1964	834	119
library	1965	880	125
library	1966	924	132
library	1967	957	136
library	1968	977	139
library	1969	980	140
library	1970	966	138
library	1971	937	133
library	1972	896	128
library	1973	849	121
library	1974	802	114
library	1975	763	109
library	1976	735	105
library	1977	722	103
library	1978	727	103
library	1979	749	107
library	1980	783	111
library	1981	827	118
library	1982	873	124
library	1983	916	130
library	1984	950	135
library	1985	969	138
library	1986	972	138
library	1987	957	136
library	1988	928	132
library	1989	887	126
library	1990	840	120
library	1991	794	113
library	1992	755	107
library	1993	728	104
library	1994	716	102
library	1995	721	103
library	1996	743	106
library	1997	777	111
library	1998	821	117
library	1999	867	123
library	2000	909	129
library	2001	942	134
library	2002	960	137
library	2003	963	137
library	2004	948	135
library	2005	919	131
library	2006	878	125
library	2007	832	118
library	2008	787	112
library	2009	748	106
library	2010	721	103
library	2011	709	101
library	2012	715	102
library	2013	736	105
library	2014	771	110
library	2015	814	116
library	2016	860	122
library	2017	901	128
library	2018	934	133
library	2019	952	136
living_thing	1900	584	83
living_thing	1901	555	79
living_thing	1902	532	76
living_thing	1903	519	74
living_thing	1904	516	73
living_thing	1905	527	75
living_thing	1906	548	78
living_thing	1907	579	82
living_thing	1908	615	87
living_thing	1909	651	93
living_thing	1910	684	97
living_thing	1911	709	101
living_thing	1912	723	103
living_thing	1913	724	103
living_thing	1914	713	101
living_thing	1915	691	98
living_thing	1916	661	94
living_thing	1917	629	89
living_thing	1918	598	85
living_thing	1919	573	81
living_thing	1920	558	79
living_thing	1921	556	79
living_thing	1922	567	81
living_thing	1923	590	84
living_thing	1924	623	89
living_thing	1925	662	94
living_thing	1926	701	100
living_thing	1927	736	105
living_thing	1928	762	108
living_thing	1929	777	111
living_thing	1930	777	111
living_thing	1931	765	109
living_thing	1932	741	105
living_thing	1933	709	101
living_thing	1934	674	96
living_thing	1935	640	91
living_thing	1936	614	87
living_thing	1937	598	85
living_thing	1938	596	85
living_thing	1939	607	86
living_thing	1940	632	90
living_thing	1941	668	95
living_thing	1942	709	101
living_thing	1943	750	107
living_thing	1944	787	112
living_thing	1945	815	116
living_thing	1946	830	118
living_thing	1947	830	118
living_thing	1948	817	116
living_thing	1949	790	112
living_thing	1950	756	108
living_thing	1951	718	102
living_thing	1952	683	97
living_thing	1953	654	93
living_thing	1954	637	91
living_thing	1955	635	90
living_thing	1956	648	92
living_thing	1957	675	96
living_thing	1958	712	101
living_thing	1959	756	108
living_thing	1960	800	114
living_thing	1961	839	119
living_thing	1962	868	124
living_thing	1963	884	126
living_thing	1964	884	126
living_thing	1965	868	124
living_thing	1966	840	120
living_thing	1967	803	114
living_thing	1968	763	109
living_thing	1969	725	103
living_thing	1970	695	99
living_thing	1971	677	96
living_thing	1972	675	96
living_thing	1973	689	98
living_thing	1974	717	102
living_thing	1975	757	108
living_thing	1976	803	114
living_thing	1977	850	121
living_thing	1978	891	127
living_thing	1979	921	131
living_thing	1980	937	133
living_thing	1981	937	133
living_thing	1982	920	131
living_thing	1983	890	127
living_thing	1984	850	121
living_thing	1985	807	115
living_thing	1986	767	109
living_thing	1987	735	105
living_thing	1988	717	102
living_thing	1989	714	102
living_thing	1990	729	104
living_thing	1991	759	108
living_thing	1992	802	114
living_thing	1993	850	121
living_thing	1994	899	128
living_thing	1995	943	134
living_thing	1996	974	139
living_thing	1997	991	141
living_thing	1998	990	141
living_thing	1999	972	138
living_thing	2000	939	134
living_thing	2001	897	128
living_thing	2002	852	121
living_thing	2003	809	115
living_thing	2004	776	110
living_thing	2005	756	108
living_thing	2006	754	107
living_thing	2007	770	110
living_thing	2008	802	114
living_thing	2009	846	120
living_thing	2010	898	128
living_thing	2011	949	135
living_thing	2012	994	142
living_thing	2013	1028	146
living_thing	2014	1044	149
living_thing	2015	1043	149
living_thing	2016	1023	146
living_thing	2017	989	141
living_thing	2018	944	134
living_thing	2019	896	128
mammal	1900	823	117
mammal	1901	825	117
mammal	1902	812	116
mammal	1903	786	112
mammal	1904	750	107
mammal	1905	710	101
mammal	1906	669	95
mammal	1907	634	90
mammal	1908	608	86
mammal	1909	595	85
mammal	1910	597	85
mammal	1911	612	87
mammal	1912	638	91
mammal	1913	672	96
mammal	1914	708	101
mammal	1915	741	105
mammal	1916	767	109
mammal	1917	781	111
mammal	1918	782	111
mammal	1919	770	110
mammal	1920	745	106
mammal	1921	711	101
mammal	1922	672	96
mammal	1923	634	90
mammal	1924	600	85
mammal	1925	576	82
mammal	1926	564	80
mammal	1927	566	80
mammal	1928	580	82
mammal	1929	605	86
mammal	1930	637	91
mammal	1931	671	95
mammal	1932	702	100
mammal	1933	726	103
mammal	1934	739	105
mammal	1935	740	105
mammal	1936	728	104
mammal	1937	704	100
mammal	1938	672	96
mammal	1939	635	90
mammal	1940	598	85
mammal	1941	567	81
mammal	1942	544	77
mammal	1943	533	76
mammal	1944	534	76
mammal	1945	548	78
mammal	1946	572	81
mammal	1947	602	86
mammal	1948	634	90
mammal	1949	663	94
mammal	1950	685	97
mammal	1951	698	99
mammal	1952	698	99
mammal	1953	686	98
mammal	1954	663	94
mammal	1955	632	90
mammal	1956	597	85
mammal	1957	563	80
mammal	1958	533	76
mammal	1959	512	73
mammal	1960	502	71
mammal	1961	503	71
mammal	1962	516	73
mammal	1963	538	76
mammal	1964	567	81
mammal	1965	596	85
mammal	1966	624	89
mammal	1967	644	92
mammal	1968	656	93
mammal	1969	656	93
mammal	1970	644	92
mammal	1971	622	88
mammal	1972	593	84
mammal	1973	560	80
mammal	1974	528	75
mammal	1975	500	71
mammal	1976	480	68
mammal	1977	470	67
mammal	1978	472	67
mammal	1979	484	69
mammal	1980	505	72
mammal	1981	531	75
mammal	1982	559	79
mammal	1983	584	83
mammal	1984	604	86
mammal	1985	614	87
mammal	1986	613	87
mammal	1987	602	86
mammal	1988	581	83
mammal	1989	554	79
mammal	1990	523	74
mammal	1991	493	70
mammal	1992	467	66
mammal	1993	448	64
mammal	1994	439	62
mammal	1995	441	63
mammal	1996	452	64
mammal	1997	472	67
mammal	1998	496	70
mammal	1999	522	74
mammal	2000	545	77
mammal	2001	563	80
mammal	2002	572	81
mammal	2003	571	81
mammal	2004	560	80
mammal	2005	541	77
mammal	2006	515	73
mammal	2007	486	69
mammal	2008	458	65
mammal	2009	433	61
mammal	2010	416	59
mammal	2011	408	58
mammal	2012	409	58
mammal	2013	420	60
mammal	2014	438	62
mammal	2015	461	65
mammal	2016	484	69
mammal	2017	506	72
mammal	2018	522	74
mammal	2019	530	75
message	1900	666	95
message	1901	638	91
message	1902	615	87
message	1903	603	86
message	1904	605	86
message	1905	621	88
message	1906	650	92
message	1907	691	98
message	1908	738	105
message	1909	786	112
message	1910	831	118
message	1911	866	123
message	1912	888	126
message	1913	895	127
message	1914	886	126
message	1915	863	123
message	1916	831	118
message	1917	794	113
message	1918	758	108
message	1919	731	104
message	1920	716	102
message	1921	716	102
message	1922	734	104
message	1923	768	109
message	1924	815	116
message	1925	869	124
message	1926	925	132
message	1927	976	139
message	1928	1015	145
message	1929	1039	148
message	1930	1045	149
message	1931	1032	147
message	1932	1004	143
message	1933	965	137
message	1934	921	131
message	1935	879	125
message	1936	846	120
message	1937	828	118
message	1938	828	118
message	1939	848	121
message	1940	886	126
message	1941	939	134
message	1942	1001	143
message	1943	1064	152
message	1944	1120	160
message	1945	1164	166
message	1946	1190	170
message	1947	1195	170
message	1948	1179	168
message	1949	1145	163
message	1950	1099	157
message	1951	1048	149
message	1952	999	142
message	1953	961	137
message	1954	940	134
message	1955	940	134
message	1956	962	137
message	1957	1005	143
message	1958	1064	152
message	1959	1133	161
message	1960	1203	171
message	1961	1265	180
message	1962	1313	187
message	1963	1341	191
message	1964	1345	192
message	1965	1326	189
message	1966	1286	183
message	1967	1234	176
message	1968	1175	167
message	1969	1120	160
message	1970	1076	153
message	1971	1052	150
message	1972	1051	150
message	1973	1076	153
message	1974	1123	160
message	1975	1189	169
message	1976	1265	180
message	1977	1342	191
message	1978	1410	201
message	1979	1463	209
message	1980	1492	213
message	1981	1495	213
message	1982	1472	210
message	1983	1427	203
message	1984	1367	195
message	1985	1301	185
message	1986	1240	177
message	1987	1191	170
message	1988	1164	166
message	1989	1163	166
message	1990	1190	170
message	1991	1242	177
message	1992	1314	187
message	1993	1397	199
message	1994	1481	211
message	1995	1556	222
message	1996	1612	230
message	1997	1643	234
message	1998	1644	234
message	1999	1618	231
message	2000	1568	224
message	2001	1501	214
message	2002	1428	204
message	2003	1359	194
message	2004	1306	186
message	2005	1276	182
message	2006	1275	182
message	2007	1304	186
message	2008	1361	194
message	2009	1439	205
message	2010	1530	218
message	2011	1621	231
message	2012	1701	243
message	2013	1761	251
message	2014	1794	256
message	2015	1794	256
message	2016	1764	252
message	2017	1708	244
message	2018	1634	233
message	2019	1554	222
motion	1900	528	75
motion	1901	525	75
motion	1902	534	76
motion	1903	556	79
motion	1904	588	84
motion	1905	627	89
motion	1906	668	95
motion	1907	707	101
motion	1908	740	105
motion	1909	762	108
motion	1910	770	110
motion	1911	766	109
motion	1912	749	107
motion	1913	722	103
motion	1914	690	98
motion	1915	658	94
motion	1916	632	90
motion	1917	615	87
motion	1918	610	87
motion	1919	621	88
motion	1920	645	92
motion	1921	682	97
motion	1922	726	103
motion	1923	773	110
motion	1924	817	116
motion	1925	853	121
motion	1926	877	125
motion	1927	886	126
motion	1928	879	125
motion	1929	858	122
motion	1930	827	118
motion	1931	789	112
motion	1932	752	107
motion	1933	721	103
motion	1934	701	100
motion	1935	696	99
motion	1936	707	101
motion	1937	735	105
motion	1938	775	110
motion	1939	825	117
motion	1940	878	125
motion	1941	927	132
motion	1942	967	138
motion	1943	993	141
motion	1944	1001	143
motion	1945	993	141
motion	1946	968	138
motion	1947	931	133
motion	1948	888	126
motion	1949	846	120
motion	1950	810	115
motion	1951	787	112
motion	1952	781	111
motion	1953	794	113
motion	1954	824	117
motion	1955	870	124
motion	1956	925	132
motion	1957	983	140
motion	1958	1037	148
motion	1959	1080	154
motion	1960	1108	158
motion	1961	1117	159
motion	1962	1106	158
motion	1963	1077	153
motion	1964	1036	148
motion	1965	987	141
motion	1966	939	134
motion	1967	899	128
motion	1968	874	124
motion	1969	867	123
motion	1970	880	125
motion	1971	914	130
motion	1972	964	137
motion	1973	1024	146
motion	1974	1088	155
motion	1975	1147	163
motion	1976	1194	170
motion	1977	1224	174
motion	1978	1232	176
motion	1979	1219	174
motion	1980	1186	169
motion	1981	1140	162
motion	1982	1086	155
motion	1983	1033	147
motion	1984	988	141
motion	1985	960	137
motion	1986	952	136
motion	1987	967	138
motion	1988	1004	143
motion	1989	1058	151
motion	1990	1124	160
motion	1991	1193	170
motion	1992	1257	179
motion	1993	1308	186
motion	1994	1339	191
motion	1995	1347	192
motion	1996	1332	190
motion	1997	1295	185
motion	1998	1244	177
motion	1999	1184	169
motion	2000	1126	160
motion	2001	1077	153
motion	2002	1046	149
motion	2003	1038	148
motion	2004	1054	150
motion	2005	1094	156
motion	2006	1153	164
motion	2007	1224	174
motion	2008	1299	185
motion	2009	1368	195
motion	2010	1422	203
motion	2011	1455	207
motion	2012	1463	209
motion	2013	1445	206
motion	2014	1404	200
motion	2015	1347	192
motion	2016	1282	183
motion	2017	1219	174
motion	2018	1166	166
motion	2019	1132	161
movement	1900	724	103
movement	1901	697	99
movement	1902	664	94
movement	1903	629	89
movement	1904	597	85
movement	1905	573	81
movement	1906	560	80
movement	1907	560	80
movement	1908	573	81
movement	1909	597	85
movement	1910	630	90
movement	1911	668	95
movement	1912	704	100
movement	1913	735	105
movement	1914	755	107
movement	1915	764	109
movement	1916	759	108
movement	1917	741	105
movement	1918	713	101
movement	1919	679	97
movement	1920	643	91
movement	1921	611	87
movement	1922	586	83
movement	1923	573	81
movement	1924	573	81
movement	1925	587	83
movement	1926	612	87
movement	1927	646	92
movement	1928	684	97
movement	1929	721	103
movement	1930	752	107
movement	1931	774	110
movement	1932	782	111
movement	1933	777	111
movement	1934	758	108
movement	1935	730	104
movement	1936	694	99
movement	1937	658	94
movement	1938	624	89
movement	1939	599	85
movement	1940	586	83
movement	1941	587	83
movement	1942	601	85
movement	1943	627	89
movement	1944	662	94
movement	1945	701	100
movement	1946	739	105
movement	1947	770	110
movement	1948	792	113
movement	1949	800	114
movement	1950	794	113
movement	1951	775	110
movement	1952	746	106
movement	1953	710	101
movement	1954	672	96
movement	1955	638	91
movement	1956	613	87
movement	1957	599	85
movement	1958	600	85
movement	1959	615	87
movement	1960	642	91
movement	1961	677	96
movement	1962	717	102
movement	1963	756	108
movement	1964	788	112
movement	1965	810	115
movement	1966	818	116
movement	1967	812	116
movement	1968	792	113
movement	1969	762	108
movement	1970	725	103
movement	1971	686	98
movement	1972	652	93
movement	1973	626	89
movement	1974	613	87
movement	1975	614	87
movement	1976	629	89
movement	1977	657	93
movement	1978	693	99
movement	1979	734	104
movement	1980	773	110
movement	1981	806	115
movement	1982	828	118
movement	1983	836	119
movement	1984	830	118
movement	1985	809	115
movement	1986	778	111
movement	1987	740	105
movement	1988	701	100
movement	1989	666	95
movement	1990	639	91
movement	1991	626	89
movement	1992	627	89
movement	1993	643	91
movement	1994	671	95
movement	1995	709	101
movement	1996	751	107
movement	1997	791	113
movement	1998	824	117
movement	1999	846	120
movement	2000	854	122
movement	2001	847	121
movement	2002	826	118
movement	2003	794	113
movement	2004	755	107
movement	2005	715	102
movement	2006	679	97
movement	2007	653	93
movement	2008	639	91
movement	2009	641	91
movement	2010	657	93
movement	2011	686	98
movement	2012	725	103
movement	2013	767	109
movement	2014	808	115
movement	2015	842	120
movement	2016	864	123
movement	2017	872	124
movement	2018	865	123
movement	2019	843	120
oak	1900	215	30
oak	1901	226	32
oak	1902	234	33
oak	1903	239	34
oak	1904	240	34
oak	1905	236	33
oak	1906	229	32
oak	1907	219	31
oak	1908	208	29
oak	1909	197	28
oak	1910	188	26
oak	1911	183	26
oak	1912	181	25
oak	1913	184	26
oak	1914	191	27
oak	1915	201	28
oak	1916	213	30
oak	1917	225	32
oak	1918	237	33
oak	1919	245	35
oak	1920	250	35
oak	1921	251	35
oak	1922	247	35
oak	1923	239	34
oak	1924	229	32
oak	1925	217	31
oak	1926	206	29
oak	1927	197	28
oak	1928	191	27
oak	1929	189	27
oak	1930	192	27
oak	1931	200	28
oak	1932	210	30
oak	1933	223	31
oak	1934	236	33
oak	1935	247	35
oak	1936	256	36
oak	1937	261	37
oak	1938	262	37
oak	1939	258	36
oak	1940	249	35
oak	1941	239	34
oak	1942	226	32
oak	1943	215	30
oak	1944	205	29
oak	1945	199	28
oak	1946	198	28
oak	1947	201	28
oak	1948	208	29
oak	1949	220	31
oak	1950	233	33
oak	1951	246	35
oak	1952	258	36
oak	1953	267	38
oak	1954	272	38
oak	1955	273	39
oak	1956	268	38
oak	1957	260	37
oak	1958	248	35
oak	1959	236	33
oak	1960	224	32
oak	1961	214	30
oak	1962	208	29
oak	1963	206	29
oak	1964	209	29
oak	1965	217	31
oak	1966	229	32
oak	1967	242	34
oak	1968	256	36
oak	1969	269	38
oak	1970	278	39
oak	1971	284	40
oak	1972	284	40
oak	1973	279	39
oak	1974	270	38
oak	1975	258	36
oak	1976	245	35
oak	1977	232	33
oak	1978	222	31
oak	1979	216	30
oak	1980	214	30
oak	1981	218	31
oak	1982	226	32
oak	1983	238	34
oak	1984	252	36
oak	1985	267	38
oak	1986	280	40
oak	1987	290	41
oak	1988	295	42
oak	1989	295	42
oak	1990	290	41
oak	1991	280	40
oak	1992	268	38
oak	1993	254	36
oak	1994	241	34
oak	1995	231	33
oak	1996	224	32
oak	1997	222	31
oak	1998	226	32
oak	1999	235	33
oak	2000	247	35
oak	2001	262	37
oak	2002	277	39
oak	2003	291	41
oak	2004	301	43
oak	2005	306	43
oak	2006	306	43
oak	2007	301	43
oak	2008	291	41
oak	2009	278	39
oak	2010	263	37
oak	2011	250	35
oak	2012	239	34
oak	2013	232	33
oak	2014	231	33
oak	2015	235	33
oak	2016	244	34
oak	2017	257	36
oak	2018	272	38
oak	2019	288	41
organism	1900	835	119
organism	1901	828	118
organism	1902	840	120
organism	1903	871	124
organism	1904	919	131
organism	1905	977	139
organism	1906	1038	148
organism	1907	1096	156
organism	1908	1143	163
organism	1909	1173	167
organism	1910	1184	169
organism	1911	1173	167
organism	1912	1144	163
organism	1913	1101	157
organism	1914	1049	149
organism	1915	999	142
organism	1916	956	136
organism	1917	927	132
organism	1918	919	131
organism	1919	932	133
organism	1920	967	138
organism	1921	1019	145
organism	1922	1082	154
organism	1923	1150	164
organism	1924	1213	173
organism	1925	1264	180
organism	1926	1296	185
organism	1927	1306	186
organism	1928	1294	184
organism	1929	1260	180
organism	1930	1212	173
organism	1931	1155	165
organism	1932	1098	156
organism	1933	1050	150
organism	1934	1019	145
organism	1935	1010	144
organism	1936	1024	146
organism	1937	1062	151
organism	1938	1119	159
organism	1939	1188	169
organism	1940	1262	180
organism	1941	1330	190
organism	1942	1385	197
organism	1943	1419	202
organism	1944	1429	204
organism	1945	1414	202
organism	1946	1377	196
organism	1947	1322	188
organism	1948	1260	180
organism	1949	1197	171
organism	1950	1145	163
organism	1951	1111	158
organism	1952	1101	157
organism	1953	1116	159
organism	1954	1157	165
organism	1955	1219	174
organism	1956	1294	184
organism	1957	1374	196
organism	1958	1447	206
organism	1959	1506	215
organism	1960	1542	220
organism	1961	1552	221
organism	1962	1534	219
organism	1963	1493	213
organism	1964	1433	204
organism	1965	1364	194
organism	1966	1296	185
organism	1967	1240	177
organism	1968	1203	171
organism	1969	1191	170
organism	1970	1209	172
organism	1971	1253	179
organism	1972	1320	188
organism	1973	1401	200
organism	1974	1486	212
organism	1975	1564	223
organism	1976	1627	232
organism	1977	1665	237
organism	1978	1674	239
organism	1979	1655	236
organism	1980	1609	229
organism	1981	1544	220
organism	1982	1469	209
organism	1983	1395	199
organism	1984	1334	190
organism	1985	1294	184
organism	1986	1282	183
organism	1987	1301	185
organism	1988	1349	192
organism	1989	1420	202
organism	1990	1507	215
organism	1991	1598	228
organism	1992	1682	240
organism	1993	1748	249
organism	1994	1788	255
organism	1995	1797	256
organism	1996	1775	253
organism	1997	1724	246
organism	1998	1654	236
organism	1999	1573	224
organism	2000	1494	213
organism	2001	1428	204
organism	2002	1386	198
organism	2003	1373	196
organism	2004	1393	199
organism	2005	1445	206
organism	2006	1521	217
organism	2007	1614	230
organism	2008	1711	244
organism	2009	1800	257
organism	2010	1869	267
organism	2011	1911	273
organism	2012	1919	274
organism	2013	1894	270
organism	2014	1840	262
organism	2015	1764	252
organism	2016	1677	239
organism	2017	1593	227
organism	2018	1522	217
organism	2019	1477	211
owl	1900	859	122
owl	1901	863	123
owl	1902	853	121
owl	1903	829	118
owl	1904	794	113
owl	1905	754	107
owl	1906	714	102
owl	1907	679	97
owl	1908	654	93
owl	1909	643	91
owl	1910	647	92
owl	1911	666	95
owl	1912	697	99
owl	1913	736	105
owl	1914	779	111
owl	1915	818	116
owl	1916	850	121
owl	1917	870	124
owl	1918	874	124
owl	1919	864	123
owl	1920	839	119
owl	1921	804	114
owl	1922	763	109
owl	1923	722	103
owl	1924	687	98
owl	1925	662	94
owl	1926	651	93
owl	1927	655	93
owl	1928	675	96
owl	1929	706	100
owl	1930	746	106
owl	1931	789	112
owl	1932	829	118
owl	1933	861	123
owl	1934	881	125
owl	1935	885	126
owl	1936	874	124
owl	1937	849	121
owl	1938	813	116
owl	1939	772	110
owl	1940	731	104
owl	1941	695	99
owl	1942	670	95
owl	1943	659	94
owl	1944	664	94
owl	1945	683	97
owl	1946	716	102
owl	1947	757	108
owl	1948	800	114
owl	1949	841	120
owl	1950	873	124
owl	1951	892	127
owl	1952	896	128
owl	1953	885	126
owl	1954	859	122
owl	1955	823	117
owl	1956	781	111
owl	1957	739	105
owl	1958	703	100
owl	1959	678	96
owl	1960	667	95
owl	1961	672	96
owl	1962	692	98
owl	1963	725	103
owl	1964	767	109
owl	1965	811	115
owl	1966	852	121
owl	1967	884	126
owl	1968	903	129
owl	1969	907	129
owl	1970	895	127
owl	1971	869	124
owl	1972	832	118
owl	1973	789	112
owl	1974	747	106
owl	1975	711	101
owl	1976	686	98
owl	1977	675	96
owl	1978	680	97
owl	1979	701	100
owl	1980	735	105
owl	1981	777	111
owl	1982	821	117
owl	1983	863	123
owl	1984	895	127
owl	1985	914	130
owl	1986	918	131
owl	1987	906	129
owl	1988	879	125
owl	1989	841	120
owl	1990	798	114
owl	1991	755	107
owl	1992	719	102
owl	1993	694	99
owl	1994	683	97
owl	1995	689	98
owl	1996	710	101
owl	1997	744	106
owl	1998	787	112
owl	1999	832	118
owl	2000	874	124
owl	2001	906	129
owl	2002	926	132
owl	2003	929	132
owl	2004	916	130
owl	2005	889	127
owl	2006	850	121
owl	2007	807	115
owl	2008	764	109
owl	2009	727	103
owl	2010	702	100
owl	2011	691	98
owl	2012	697	99
owl	2013	719	102
owl	2014	754	107
owl	2015	797	113
owl	2016	843	120
owl	2017	885	126
owl	2018	917	131
owl	2019	937	133
penguin	1900	734	104
penguin	1901	710	101
penguin	1902	679	97
penguin	1903	646	92
penguin	1904	615	87
penguin	1905	593	84
penguin	1906	582	83
penguin	1907	584	83
penguin	1908	600	85
penguin	1909	629	89
penguin	1910	666	95
penguin	1911	708	101
penguin	1912	749	107
penguin	1913	785	112
penguin	1914	811	115
penguin	1915	823	117
penguin	1916	821	117
penguin	1917	805	115
penguin	1918	777	111
penguin	1919	743	106
penguin	1920	706	100
penguin	1921	673	96
penguin	1922	648	92
penguin	1923	636	90
penguin	1924	638	91
penguin	1925	656	93
penguin	1926	687	98
penguin	1927	727	103
penguin	1928	773	110
penguin	1929	818	116
penguin	1930	856	122
penguin	1931	883	126
penguin	1932	896	128
penguin	1933	893	127
penguin	1934	875	125
penguin	1935	845	120
penguin	1936	807	115
penguin	1937	766	109
penguin	1938	730	104
penguin	1939	703	100
penguin	1940	690	98
penguin	1941	693	99
penguin	1942	712	101
penguin	1943	745	106
penguin	1944	789	112
penguin	1945	838	119
penguin	1946	886	126
penguin	1947	927	132
penguin	1948	956	136
penguin	1949	969	138
penguin	1950	965	137
penguin	1951	945	135
penguin	1952	912	130
penguin	1953	870	124
penguin	1954	827	118
penguin	1955	787	112
penguin	1956	758	108
penguin	1957	744	106
penguin	1958	747	106
penguin	1959	768	109
penguin	1960	804	114
penguin	1961	851	121
penguin	1962	903	129
penguin	1963	955	136
penguin	1964	998	142
penguin	1965	1029	147
penguin	1966	1042	148
penguin	1967	1037	148
penguin	1968	1015	145
penguin	1969	979	139
penguin	1970	934	133
penguin	1971	887	126
penguin	1972	845	120
penguin	1973	813	116
penguin	1974	798	114
penguin	1975	801	114
penguin	1976	824	117
penguin	1977	862	123
penguin	1978	913	130
penguin	1979	969	138
penguin	1980	1024	146
penguin	1981	1070	152
penguin	1982	1102	157
penguin	1983	1115	159
penguin	1984	1110	158
penguin	1985	1085	155
penguin	1986	1046	149
penguin	1987	997	142
penguin	1988	947	135
penguin	1989	902	128
penguin	1990	868	124
penguin	1991	852	121
penguin	1992	856	122
penguin	1993	880	125
penguin	1994	921	131
penguin	1995	975	139
penguin	1996	1034	147
penguin	1997	1092	156
penguin	1998	1141	163
penguin	1999	1175	167
penguin	2000	1189	169
penguin	2001	1182	168
penguin	2002	1155	165
penguin	2003	1113	159
penguin	2004	1061	151
penguin	2005	1007	143
penguin	2006	958	136
penguin	2007	923	131
penguin	2008	906	129
penguin	2009	910	130
penguin	2010	936	133
penguin	2011	980	140
penguin	2012	1037	148
penguin	2013	1100	157
penguin	2014	1161	165
penguin	2015	1213	173
penguin	2016	1247	178
penguin	2017	1262	180
penguin	2018	1254	179
penguin	2019	1225	175
phone	1951	3	1
phone	1952	10	1
phone	1953	20	2
phone	1954	32	4
phone	1955	45	6
phone	1956	58	8
phone	1957	71	10
phone	1958	82	11
phone	1959	93	13
phone	1960	103	14
phone	1961	114	16
phone	1962	126	18
phone	1963	140	20
phone	1964	159	22
phone	1965	183	26
phone	1966	212	30
phone	1967	245	35
phone	1968	282	40
phone	1969	320	45
phone	1970	357	51
phone	1971	390	55
phone	1972	418	59
phone	1973	438	62
phone	1974	451	64
phone	1975	458	65
phone	1976	459	65
phone	1977	460	65
phone	1978	464	66
phone	1979	474	67
phone	1980	494	70
phone	1981	526	75
phone	1982	572	81
phone	1983	629	89
phone	1984	695	99
phone	1985	766	109
phone	1986	836	119
phone	1987	900	128
phone	1988	951	135
phone	1989	987	141
phone	1990	1006	143
phone	1991	1007	143
phone	1992	996	142
phone	1993	977	139
phone	1994	957	136
phone	1995	944	134
phone	1996	946	135
phone	1997	969	138
phone	1998	1015	145
phone	1999	1084	154
phone	2000	1175	167
phone	2001	1279	182
phone	2002	1390	198
phone	2003	1496	213
phone	2004	1588	226
phone	2005	1657	236
phone	2006	1698	242
phone	2007	1710	244
phone	2008	1694	242
phone	2009	1657	236
phone	2010	1609	229
phone	2011	1561	223
phone	2012	1527	218
phone	2013	1517	216
phone	2014	1540	220
phone	2015	1600	228
phone	2016	1697	242
phone	2017	1824	260
phone	2018	1972	281
phone	2019	2126	303
pine	1900	850	121
pine	1901	904	129
pine	1902	966	138
pine	1903	1029	147
pine	1904	1086	155
pine	1905	1129	161
pine	1906	1155	165
pine	1907	1160	165
pine	1908	1145	163
pine	1909	1113	159
pine	1910	1070	152
pine	1911	1022	146
pine	1912	978	139
pine	1913	945	135
pine	1914	929	132
pine	1915	934	133
pine	1916	961	137
pine	1917	1008	144
pine	1918	1071	153
pine	1919	1143	163
pine	1920	1216	173
pine	1921	1280	182
pine	1922	1328	189
pine	1923	1356	193
pine	1924	1360	194
pine	1925	1340	191
pine	1926	1301	185
pine	1927	1248	178
pine	1928	1191	170
pine	1929	1138	162
pine	1930	1098	156
pine	1931	1078	154
pine	1932	1083	154
pine	1933	1113	159
pine	1934	1167	166
pine	1935	1239	177
pine	1936	1320	188
pine	1937	1402	200
pine	1938	1474	210
pine	1939	1528	218
pine	1940	1557	222
pine	1941	1559	222
pine	1942	1534	219
pine	1943	1487	212
pine	1944	1426	203
pine	1945	1359	194
pine	1946	1297	185
pine	1947	1250	178
pine	1948	1227	175
pine	1949	1232	176
pine	1950	1266	180
pine	1951	1326	189
pine	1952	1407	201
pine	1953	1498	214
pine	1954	1589	227
pine	1955	1668	238
pine	1956	1727	246
pine	1957	1758	251
pine	1958	1759	251
pine	1959	1729	247
pine	1960	1674	239
pine	1961	1603	229
pine	1962	1526	218
pine	1963	1456	208
pine	1964	1403	200
pine	1965	1376	196
pine	1966	1381	197
pine	1967	1419	202
pine	1968	1486	212
pine	1969	1575	225
pine	1970	1676	239
pine	1971	1776	253
pine	1972	1863	266
pine	1973	1927	275
pine	1974	1960	280
pine	1975	1958	279
pine	1976	1923	274
pine	1977	1860	265
pine	1978	1780	254
pine	1979	1693	241
pine	1980	1614	230
pine	1981	1555	222
pine	1982	1525	217
pine	1983	1530	218
pine	1984	1572	224
pine	1985	1645	235
pine	1986	1743	249
pine	1987	1854	264
pine	1988	1963	280
pine	1989	2058	294
pine	1990	2127	303
pine	1991	2161	308
pine	1992	2157	308
pine	1993	2117	302
pine	1994	2046	292
pine	1995	1956	279
pine	1996	1860	265
pine	1997	1773	253
pine	1998	1707	243
pine	1999	1674	239
pine	2000	1680	240
pine	2001	1725	246
pine	2002	1806	258
pine	2003	1912	273
pine	2004	2032	290
pine	2005	2151	307
pine	2006	2253	321
pine	2007	2327	332
pine	2008	2362	337
pine	2009	2356	336
pine	2010	2310	330
pine	2011	2232	318
pine	2012	2132	304
pine	2013	2027	289
pine	2014	1931	275
pine	2015	1859	265
pine	2016	1823	260
pine	2017	1829	261
pine	2018	1878	268
pine	2019	1966	280
plant	1900	438	62
plant	1901	461	65
plant	1902	487	69
plant	1903	513	73
plant	1904	536	76
plant	1905	551	78
plant	1906	558	79
plant	1907	555	79
plant	1908	542	77
plant	1909	522	74
plant	1910	497	71
plant	1911	470	67
plant	1912	445	63
plant	1913	426	60
plant	1914	414	59
plant	1915	413	59
plant	1916	421	60
plant	1917	437	62
plant	1918	461	65
plant	1919	487	69
plant	1920	513	73
plant	1921	535	76
plant	1922	551	78
plant	1923	557	79
plant	1924	554	79
plant	1925	541	77
plant	1926	521	74
plant	1927	495	70
plant	1928	469	67
plant	1929	444	63
plant	1930	425	60
plant	1931	414	59
plant	1932	412	58
plant	1933	420	60
plant	1934	437	62
plant	1935	460	65
plant	1936	487	69
plant	1937	513	73
plant	1938	535	76
plant	1939	550	78
plant	1940	556	79
plant	1941	553	79
plant	1942	540	77
plant	1943	520	74
plant	1944	494	70
plant	1945	467	66
plant	1946	443	63
plant	1947	424	60
plant	1948	413	59
plant	1949	412	58
plant	1950	420	60
plant	1951	437	62
plant	1952	460	65
plant	1953	487	69
plant	1954	512	73
plant	1955	534	76
plant	1956	550	78
plant	1957	556	79
plant	1958	552	78
plant	1959	539	77
plant	1960	518	74
plant	1961	493	70
plant	1962	466	66
plant	1963	442	63
plant	1964	423	60
plant	1965	412	58
plant	1966	411	58
plant	1967	420	60
plant	1968	437	62
plant	1969	460	65
plant	1970	486	69
plant	1971	512	73
plant	1972	534	76
plant	1973	549	78
plant	1974	555	79
plant	1975	551	78
plant	1976	538	76
plant	1977	517	73
plant	1978	492	70
plant	1979	465	66
plant	1980	441	63
plant	1981	422	60
plant	1982	412	58
plant	1983	411	58
plant	1984	419	59
plant	1985	436	62
plant	1986	460	65
plant	1987	486	69
plant	1988	512	73
plant	1989	534	76
plant	1990	548	78
plant	1991	554	79
plant	1992	550	78
plant	1993	537	76
plant	1994	516	73
plant	1995	491	70
plant	1996	464	66
plant	1997	440	62
plant	1998	421	60
plant	1999	411	58
plant	2000	410	58
plant	2001	419	59
plant	2002	436	62
plant	2003	460	65
plant	2004	486	69
plant	2005	512	73
plant	2006	533	76
plant	2007	548	78
plant	2008	553	79
plant	2009	549	78
plant	2010	536	76
plant	2011	515	73
plant	2012	489	69
plant	2013	463	66
plant	2014	439	62
plant	2015	420	60
plant	2016	410	58
plant	2017	410	58
plant	2018	419	59
plant	2019	436	62
puppy	1900	874	124
puppy	1901	918	131
puppy	1902	969	138
puppy	1903	1020	145
puppy	1904	1063	151
puppy	1905	1092	156
puppy	1906	1103	157
puppy	1907	1095	156
puppy	1908	1068	152
puppy	1909	1026	146
puppy	1910	975	139
puppy	1911	921	131
puppy	1912	871	124
puppy	1913	832	118
puppy	1914	808	115
puppy	1915	803	114
puppy	1916	818	116
puppy	1917	849	121
puppy	1918	892	127
puppy	1919	941	134
puppy	1920	990	141
puppy	1921	1031	147
puppy	1922	1059	151
puppy	1923	1070	152
puppy	1924	1062	151
puppy	1925	1035	147
puppy	1926	995	142
puppy	1927	945	135
puppy	1928	892	127
puppy	1929	844	120
puppy	1930	806	115
puppy	1931	783	111
puppy	1932	779	111
puppy	1933	793	113
puppy	1934	823	117
puppy	1935	865	123
puppy	1936	913	130
puppy	1937	961	137
puppy	1938	1000	142
puppy	1939	1027	146
puppy	1940	1037	148
puppy	1941	1028	146
puppy	1942	1003	143
puppy	1943	963	137
puppy	1944	914	130
puppy	1945	863	123
puppy	1946	816	116
puppy	1947	780	111
puppy	1948	758	108
puppy	1949	755	107
puppy	1950	768	109
puppy	1951	798	114
puppy	1952	839	119
puppy	1953	885	126
puppy	1954	931	133
puppy	1955	969	138
puppy	1956	994	142
puppy	1957	1004	143
puppy	1958	995	142
puppy	1959	970	138
puppy	1960	931	133
puppy	1961	884	126
puppy	1962	834	119
puppy	1963	789	112
puppy	1964	754	107
puppy	1965	734	104
puppy	1966	730	104
puppy	1967	744	106
puppy	1968	773	110
puppy	1969	812	116
puppy	1970	857	122
puppy	1971	901	128
puppy	1972	938	134
puppy	1973	962	137
puppy	1974	970	138
puppy	1975	962	137
puppy	1976	937	133
puppy	1977	899	128
puppy	1978	854	122
puppy	1979	806	115
puppy	1980	762	108
puppy	1981	728	104
puppy	1982	709	101
puppy	1983	706	100
puppy	1984	719	102
puppy	1985	747	106
puppy	1986	785	112
puppy	1987	829	118
puppy	1988	871	124
puppy	1989	906	129
puppy	1990	929	132
puppy	1991	937	133
puppy	1992	929	132
puppy	1993	904	129
puppy	1994	868	124
puppy	1995	823	117
puppy	1996	777	111
puppy	1997	735	105
puppy	1998	703	100
puppy	1999	684	97
puppy	2000	681	97
puppy	2001	694	99
puppy	2002	722	103
puppy	2003	759	108
puppy	2004	801	114
puppy	2005	841	120
puppy	2006	875	125
puppy	2007	897	128
puppy	2008	904	129
puppy	2009	895	127
puppy	2010	872	124
puppy	2011	836	119
puppy	2012	793	113
puppy	2013	749	107
puppy	2014	708	101
puppy	2015	677	96
puppy	2016	659	94
puppy	2017	657	93
puppy	2018	670	95
puppy	2019	696	99
rose	1900	118	16
rose	1901	123	17
rose	1902	130	18
rose	1903	137	19
rose	1904	144	20
rose	1905	149	21
rose	1906	153	21
rose	1907	153	21
rose	1908	152	21
rose	1909	147	21
rose	1910	141	20
rose	1911	134	19
rose	1912	126	18
rose	1913	119	17
rose	1914	114	16
rose	1915	111	15
rose	1916	111	15
rose	1917	114	16
rose	1918	119	17
rose	1919	125	17
rose	1920	132	18
rose	1921	138	19
rose	1922	143	20
rose	1923	147	21
rose	1924	147	21
rose	1925	146	20
rose	1926	141	20
rose	1927	135	19
rose	1928	128	18
rose	1929	121	17
rose	1930	114	16
rose	1931	110	15
rose	1932	107	15
rose	1933	107	15
rose	1934	109	15
rose	1935	114	16
rose	1936	120	17
rose	1937	126	18
rose	1938	133	19
rose	1939	138	19
rose	1940	141	20
rose	1941	141	20
rose	1942	140	20
rose	1943	136	19
rose	1944	130	18
rose	1945	123	17
rose	1946	116	16
rose	1947	110	15
rose	1948	105	15
rose	1949	103	14
rose	1950	103	14
rose	1951	105	15
rose	1952	109	15
rose	1953	115	16
rose	1954	121	17
rose	1955	127	18
rose	1956	132	18
rose	1957	135	19
rose	1958	135	19
rose	1959	134	19
rose	1960	130	18
rose	1961	124	17
rose	1962	117	16
rose	1963	111	15
rose	1964	105	15
rose	1965	100	14
rose	1966	98	14
rose	1967	98	14
rose	1968	100	14
rose	1969	105	15
rose	1970	110	15
rose	1971	116	16
rose	1972	122	17
rose	1973	126	18
rose	1974	129	18
rose	1975	129	18
rose	1976	128	18
rose	1977	124	17
rose	1978	118	16
rose	1979	112	16
rose	1980	106	15
rose	1981	100	14
rose	1982	96	13
rose	1983	94	13
rose	1984	94	13
rose	1985	96	13
rose	1986	100	14
rose	1987	105	15
rose	1988	111	15
rose	1989	116	16
rose	1990	121	17
rose	1991	123	17
rose	1992	124	17
rose	1993	122	17
rose	1994	118	16
rose	1995	113	16
rose	1996	107	15
rose	1997	101	14
rose	1998	95	13
rose	1999	91	13
rose	2000	89	12
rose	2001	89	12
rose	2002	91	13
rose	2003	95	13
rose	2004	100	14
rose	2005	106	15
rose	2006	111	15
rose	2007	115	16
rose	2008	117	16
rose	2009	118	16
rose	2010	116	16
rose	2011	112	16
rose	2012	107	15
rose	2013	101	14
rose	2014	96	13
rose	2015	90	12
rose	2016	87	12
rose	2017	85	12
rose	2018	85	12
rose	2019	87	12
run	1900	976	139
run	1901	986	140
run	1902	977	139
run	1903	953	136
run	1904	917	131
run	1905	873	124
run	1906	830	118
run	1907	792	113
run	1908	765	109
run	1909	755	107
run	1910	762	108
run	1911	787	112
run	1912	827	118
run	1913	877	125
run	1914	931	133
run	1915	981	140
run	1916	1023	146
run	1917	1050	150
run	1918	1059	151
run	1919	1050	150
run	1920	1023	146
run	1921	984	140
run	1922	937	133
run	1923	889	127
run	1924	849	121
run	1925	820	117
run	1926	809	115
run	1927	817	116
run	1928	844	120
run	1929	887	126
run	1930	940	134
run	1931	997	142
run	1932	1051	150
run	1933	1095	156
run	1934	1124	160
run	1935	1133	161
run	1936	1122	160
run	1937	1093	156
run	1938	1050	150
run	1939	1000	142
run	1940	949	135
run	1941	906	129
run	1942	876	125
run	1943	864	123
run	1944	873	124
run	1945	901	128
run	1946	947	135
run	1947	1004	143
run	1948	1064	152
run	1949	1122	160
run	1950	1168	166
run	1951	1197	171
run	1952	1206	172
run	1953	1194	170
run	1954	1163	166
run	1955	1117	159
run	1956	1063	151
run	1957	1009	144
run	1958	962	137
run	1959	931	133
run	1960	918	131
run	1961	928	132
run	1962	959	137
run	1963	1007	143
run	1964	1067	152
run	1965	1132	161
run	1966	1192	170
run	1967	1240	177
run	1968	1271	181
run	1969	1280	182
run	1970	1266	180
run	1971	1232	176
run	1972	1183	169
run	1973	1126	160
run	1974	1068	152
run	1975	1019	145
run	1976	985	140
run	1977	973	139
run	1978	983	140
run	1979	1016	145
run	1980	1067	152
run	1981	1131	161
run	1982	1199	171
run	1983	1262	180
run	1984	1313	187
run	1985	1345	192
run	1986	1353	193
run	1987	1338	191
run	1988	1302	186
run	1989	1249	178
run	1990	1188	169
run	1991	1128	161
run	1992	1076	153
run	1993	1040	148
run	1994	1027	146
run	1995	1038	148
run	1996	1073	153
run	1997	1128	161
run	1998	1195	170
run	1999	1266	180
run	2000	1333	190
run	2001	1386	198
run	2002	1418	202
run	2003	1427	203
run	2004	1410	201
run	2005	1371	195
run	2006	1316	188
run	2007	1251	178
run	2008	1187	169
run	2009	1132	161
run	2010	1095	156
run	2011	1082	154
run	2012	1094	156
run	2013	1131	161
run	2014	1188	169
run	2015	1259	179
run	2016	1333	190
run	2017	1403	200
run	2018	1458	208
run	2019	1492	213
salmon	1900	896	128
salmon	1901	903	129
salmon	1902	894	127
salmon	1903	870	124
salmon	1904	835	119
salmon	1905	794	113
salmon	1906	753	107
salmon	1907	717	102
salmon	1908	692	98
salmon	1909	681	97
salmon	1910	687	98
salmon	1911	708	101
salmon	1912	743	106
salmon	1913	786	112
salmon	1914	833	119
salmon	1915	877	125
salmon	1916	912	130
salmon	1917	935	133
salmon	1918	941	134
salmon	1919	931	133
salmon	1920	906	129
salmon	1921	870	124
salmon	1922	827	118
salmon	1923	784	112
salmon	1924	747	106
salmon	1925	721	103
salmon	1926	710	101
salmon	1927	716	102
salmon	1928	738	105
salmon	1929	774	110
salmon	1930	819	117
salmon	1931	868	124
salmon	1932	913	130
salmon	1933	950	135
salmon	1934	973	139
salmon	1935	979	139
salmon	1936	969	138
salmon	1937	942	134
salmon	1938	904	129
salmon	1939	859	122
salmon	1940	814	116
salmon	1941	776	110
salmon	1942	749	107
salmon	1943	738	105
salmon	1944	744	106
salmon	1945	768	109
salmon	1946	806	115
salmon	1947	853	121
salmon	1948	903	129
salmon	1949	950	135
salmon	1950	988	141
salmon	1951	1011	144
salmon	1952	1018	145
salmon	1953	1006	143
salmon	1954	978	139
salmon	1955	938	134
salmon	1956	892	127
salmon	1957	845	120
salmon	1958	805	115
salmon	1959	778	111
salmon	1960	766	109
salmon	1961	773	110
salmon	1962	798	114
salmon	1963	837	119
salmon	1964	886	126
salmon	1965	938	134
salmon	1966	987	141
salmon	1967	1026	146
salmon	1968	1050	150
salmon	1969	1056	150
salmon	1970	1043	149
salmon	1971	1014	144
salmon	1972	972	138
salmon	1973	924	132
salmon	1974	876	125
salmon	1975	834	119
salmon	1976	806	115
salmon	1977	795	113
salmon	1978	802	114
salmon	1979	828	118
salmon	1980	869	124
salmon	1981	919	131
salmon	1982	973	139
salmon	1983	1024	146
salmon	1984	1064	152
salmon	1985	1088	155
salmon	1986	1094	156
salmon	1987	1081	154
salmon	1988	1050	150
salmon	1989	1006	143
salmon	1990	956	136
salmon	1991	906	129
salmon	1992	864	123
salmon	1993	834	119
salmon	1994	823	117
salmon	1995	831	118
salmon	1996	858	122
salmon	1997	900	128
salmon	1998	953	136
salmon	1999	1009	144
salmon	2000	1061	151
salmon	2001	1102	157
salmon	2002	1127	161
salmon	2003	1132	161
salmon	2004	1118	159
salmon	2005	1086	155
salmon	2006	1041	148
salmon	2007	988	141
salmon	2008	937	133
salmon	2009	893	127
salmon	2010	863	123
salmon	2011	851	121
salmon	2012	860	122
salmon	2013	888	126
salmon	2014	932	133
salmon	2015	986	140
salmon	2016	1044	149
salmon	2017	1098	156
salmon	2018	1140	162
salmon	2019	1165	166
shark	1900	648	92
shark	1901	652	93
shark	1902	645	92
shark	1903	627	89
shark	1904	601	85
shark	1905	571	81
shark	1906	541	77
shark	1907	514	73
shark	1908	496	70
shark	1909	488	69
shark	1910	491	70
shark	1911	506	72
shark	1912	530	75
shark	1913	560	80
shark	1914	593	84
shark	1915	623	89
shark	1916	648	92
shark	1917	663	94
shark	1918	667	95
shark	1919	659	94
shark	1920	641	91
shark	1921	614	87
shark	1922	583	83
shark	1923	552	78
shark	1924	526	75
shark	1925	507	72
shark	1926	499	71
shark	1927	502	71
shark	1928	517	73
shark	1929	542	77
shark	1930	573	81
shark	1931	606	86
shark	1932	638	91
shark	1933	662	94
shark	1934	678	96
shark	1935	682	97
shark	1936	673	96
shark	1937	654	93
shark	1938	627	89
shark	1939	596	85
shark	1940	564	80
shark	1941	537	76
shark	1942	518	74
shark	1943	509	72
shark	1944	513	73
shark	1945	529	75
shark	1946	554	79
shark	1947	586	83
shark	1948	620	88
shark	1949	652	93
shark	1950	677	96
shark	1951	693	99
shark	1952	696	99
shark	1953	688	98
shark	1954	668	95
shark	1955	640	91
shark	1956	608	86
shark	1957	575	82
shark	1958	548	78
shark	1959	528	75
shark	1960	520	74
shark	1961	525	75
shark	1962	541	77
shark	1963	567	81
shark	1964	599	85
shark	1965	634	90
shark	1966	666	95
shark	1967	692	98
shark	1968	708	101
shark	1969	711	101
shark	1970	702	100
shark	1971	682	97
shark	1972	653	93
shark	1973	620	88
shark	1974	587	83
shark	1975	559	79
shark	1976	539	77
shark	1977	531	75
shark	1978	536	76
shark	1979	552	78
shark	1980	579	82
shark	1981	612	87
shark	1982	648	92
shark	1983	681	97
shark	1984	707	101
shark	1985	722	103
shark	1986	726	103
shark	1987	716	102
shark	1988	695	99
shark	1989	666	95
shark	1990	632	90
shark	1991	599	85
shark	1992	570	81
shark	1993	550	78
shark	1994	542	77
shark	1995	547	78
shark	1996	564	80
shark	1997	592	84
shark	1998	626	89
shark	1999	662	94
shark	2000	695	99
shark	2001	722	103
shark	2002	737	105
shark	2003	740	105
shark	2004	730	104
shark	2005	709	101
shark	2006	679	97
shark	2007	644	92
shark	2008	610	87
shark	2009	581	83
shark	2010	561	80
shark	2011	553	79
shark	2012	558	79
shark	2013	576	82
shark	2014	604	86
shark	2015	639	91
shark	2016	676	96
shark	2017	710	101
shark	2018	736	105
shark	2019	752	107
sparrow	1900	505	72
sparrow	1901	507	72
sparrow	1902	501	71
sparrow	1903	486	69
sparrow	1904	465	66
sparrow	1905	441	63
sparrow	1906	417	59
sparrow	1907	396	56
sparrow	1908	381	54
sparrow	1909	374	53
sparrow	1910	376	53
sparrow	1911	387	55
sparrow	1912	405	57
sparrow	1913	427	61
sparrow	1914	451	64
sparrow	1915	474	67
sparrow	1916	492	70
sparrow	1917	502	71
sparrow	1918	504	72
sparrow	1919	498	71
sparrow	1920	483	69
sparrow	1921	462	66
sparrow	1922	438	62
sparrow	1923	414	59
sparrow	1924	394	56
sparrow	1925	379	54
sparrow	1926	372	53
sparrow	1927	374	53
sparrow	1928	385	55
sparrow	1929	403	57
sparrow	1930	425	60
sparrow	1931	449	64
sparrow	1932	471	67
sparrow	1933	489	69
sparrow	1934	500	71
sparrow	1935	502	71
sparrow	1936	495	70
sparrow	1937	480	68
sparrow	1938	459	65
sparrow	1939	435	62
sparrow	1940	412	58
sparrow	1941	391	55
sparrow	1942	377	53
sparrow	1943	370	52
sparrow	1944	372	53
sparrow	1945	383	54
sparrow	1946	401	57
sparrow	1947	423	60
sparrow	1948	447	63
sparrow	1949	469	67
sparrow	1950	487	69
sparrow	1951	497	71
sparrow	1952	499	71
sparrow	1953	492	70
sparrow	1954	477	68
sparrow	1955	456	65
sparrow	1956	432	61
sparrow	1957	409	58
sparrow	1958	389	55
sparrow	1959	374	53
sparrow	1960	368	52
sparrow	1961	370	52
sparrow	1962	381	54
sparrow	1963	399	57
sparrow	1964	421	60
sparrow	1965	445	63
sparrow	1966	467	66
sparrow	1967	484	69
sparrow	1968	494	70
sparrow	1969	496	70
sparrow	1970	489	69
sparrow	1971	474	67
sparrow	1972	453	64
sparrow	1973	430	61
sparrow	1974	406	58
sparrow	1975	386	55
sparrow	1976	372	53
sparrow	1977	366	52
sparrow	1978	368	52
sparrow	1979	379	54
sparrow	1980	397	56
sparrow	1981	419	59
sparrow	1982	443	63
sparrow	1983	464	66
sparrow	1984	481	68
sparrow	1985	491	70
sparrow	1986	493	70
sparrow	1987	486	69
sparrow	1988	471	67
sparrow	1989	450	64
sparrow	1990	427	61
sparrow	1991	403	57
sparrow	1992	383	54
sparrow	1993	370	52
sparrow	1994	364	52
sparrow	1995	366	52
sparrow	1996	377	53
sparrow	1997	395	56
sparrow	1998	417	59
sparrow	1999	441	63
sparrow	2000	462	66
sparrow	2001	479	68
sparrow	2002	489	69
sparrow	2003	490	70
sparrow	2004	483	69
sparrow	2005	468	66
sparrow	2006	447	63
sparrow	2007	424	60
sparrow	2008	401	57
sparrow	2009	381	54
sparrow	2010	367	52
sparrow	2011	361	51
sparrow	2012	364	52
sparrow	2013	375	53
sparrow	2014	393	56
sparrow	2015	415	59
sparrow	2016	438	62
sparrow	2017	460	65
sparrow	2018	476	68
sparrow	2019	486	69
swan	1900	865	123
swan	1901	902	128
swan	1902	952	136
swan	1903	1006	143
swan	1904	1059	151
swan	1905	1102	157
swan	1906	1130	161
swan	1907	1139	162
swan	1908	1128	161
swan	1909	1099	157
swan	1910	1055	150
swan	1911	1002	143
swan	1912	948	135
swan	1913	899	128
swan	1914	864	123
swan	1915	845	120
swan	1916	846	120
swan	1917	868	124
swan	1918	906	129
swan	1919	955	136
swan	1920	1010	144
swan	1921	1063	151
swan	1922	1106	158
swan	1923	1134	162
swan	1924	1143	163
swan	1925	1131	161
swan	1926	1101	157
swan	1927	1057	151
swan	1928	1004	143
swan	1929	949	135
swan	1930	901	128
swan	1931	865	123
swan	1932	847	121
swan	1933	849	121
swan	1934	871	124
swan	1935	909	129
swan	1936	959	137
swan	1937	1014	144
swan	1938	1067	152
swan	1939	1110	158
swan	1940	1137	162
swan	1941	1146	163
swan	1942	1134	162
swan	1943	1104	157
swan	1944	1059	151
swan	1945	1006	143
swan	1946	951	135
swan	1947	903	129
swan	1948	867	123
swan	1949	850	121
swan	1950	852	121
swan	1951	874	124
swan	1952	912	130
swan	1953	963	137
swan	1954	1018	145
swan	1955	1070	152
swan	1956	1113	159
swan	1957	1141	163
swan	1958	1149	164
swan	1959	1137	162
swan	1960	1106	158
swan	1961	1061	151
swan	1962	1007	143
swan	1963	953	136
swan	1964	905	129
swan	1965	869	124
swan	1966	852	121
swan	1967	854	122
swan	1968	877	125
swan	1969	916	130
swan	1970	966	138
swan	1971	1022	146
swan	1972	1074	153
swan	1973	1117	159
swan	1974	1144	163
swan	1975	1152	164
swan	1976	1140	162
swan	1977	1108	158
swan	1978	1063	151
swan	1979	1009	144
swan	1980	955	136
swan	1981	906	129
swan	1982	871	124
swan	1983	854	122
swan	1984	857	122
swan	1985	880	125
swan	1986	919	131
swan	1987	970	138
swan	1988	1026	146
swan	1989	1078	154
swan	1990	1121	160
swan	1991	1148	164
swan	1992	1155	165
swan	1993	1142	163
swan	1994	1111	158
swan	1995	1065	152
swan	1996	1011	144
swan	1997	956	136
swan	1998	908	129
swan	1999	873	124
swan	2000	856	122
swan	2001	860	122
swan	2002	883	126
swan	2003	923	131
swan	2004	974	139
swan	2005	1030	147
swan	2006	1082	154
swan	2007	1125	160
swan	2008	1151	164
swan	2009	1158	165
swan	2010	1145	163
swan	2011	1113	159
swan	2012	1067	152
swan	2013	1013	144
swan	2014	958	136
swan	2015	910	130
swan	2016	875	125
swan	2017	859	122
swan	2018	862	123
swan	2019	886	126
swift	1991	15	2
swift	1992	42	6
swift	1993	77	11
swift	1994	116	16
swift	1995	155	22
swift	1996	194	27
swift	1997	231	33
swift	1998	268	38
swift	1999	308	44
swift	2000	353	50
swift	2001	409	58
swift	2002	479	68
swift	2003	564	80
swift	2004	666	95
swift	2005	780	111
swift	2006	904	129
swift	2007	1028	146
swift	2008	1147	163
swift	2009	1251	178
swift	2010	1336	190
swift	2011	1397	199
swift	2012	1435	205
swift	2013	1456	208
swift	2014	1468	209
swift	2015	1482	211
swift	2016	1512	216
swift	2017	1569	224
swift	2018	1664	237
swift	2019	1802	257
swim	1900	67	9
swim	1901	66	9
swim	1902	66	9
swim	1903	68	9
swim	1904	71	10
swim	1905	74	10
swim	1906	78	11
swim	1907	82	11
swim	1908	85	12
swim	1909	86	12
swim	1910	86	12
swim	1911	84	12
swim	1912	81	11
swim	1913	77	11
swim	1914	73	10
swim	1915	69	9
swim	1916	65	9
swim	1917	63	9
swim	1918	61	8
swim	1919	62	8
swim	1920	63	9
swim	1921	66	9
swim	1922	70	10
swim	1923	73	10
swim	1924	77	11
swim	1925	79	11
swim	1926	80	11
swim	1927	80	11
swim	1928	79	11
swim	1929	76	10
swim	1930	72	10
swim	1931	68	9
swim	1932	64	9
swim	1933	61	8
swim	1934	58	8
swim	1935	57	8
swim	1936	58	8
swim	1937	59	8
swim	1938	62	8
swim	1939	65	9
swim	1940	68	9
swim	1941	71	10
swim	1942	74	10
swim	1943	75	10
swim	1944	75	10
swim	1945	73	10
swim	1946	71	10
swim	1947	67	9
swim	1948	63	9
swim	1949	60	8
swim	1950	56	8
swim	1951	54	7
swim	1952	53	7
swim	1953	53	7
swim	1954	55	7
swim	1955	57	8
swim	1956	60	8
swim	1957	63	9
swim	1958	66	9
swim	1959	68	9
swim	1960	69	9
swim	1961	69	9
swim	1962	68	9
swim	1963	65	9
swim	1964	62	8
swim	1965	58	8
swim	1966	55	7
swim	1967	52	7
swim	1968	50	7
swim	1969	49	7
swim	1970	49	7
swim	1971	51	7
swim	1972	53	7
swim	1973	56	8
swim	1974	58	8
swim	1975	61	8
swim	1976	63	9
swim	1977	64	9
swim	1978	63	9
swim	1979	62	8
swim	1980	60	8
swim	1981	57	8
swim	1982	54	7
swim	1983	50	7
swim	1984	48	6
swim	1985	46	6
swim	1986	45	6
swim	1987	45	6
swim	1988	46	6
swim	1989	48	6
swim	1990	51	7
swim	1991	53	7
swim	1992	56	8
swim	1993	57	8
swim	1994	58	8
swim	1995	58	8
swim	1996	57	8
swim	1997	54	7
swim	1998	52	7
swim	1999	49	7
swim	2000	46	6
swim	2001	43	6
swim	2002	42	6
swim	2003	41	5
swim	2004	41	5
swim	2005	42	6
swim	2006	44	6
swim	2007	46	6
swim	2008	48	6
swim	2009	50	7
swim	2010	52	7
swim	2011	53	7
swim	2012	52	7
swim	2013	51	7
swim	2014	49	7
swim	2015	47	6
swim	2016	44	6
swim	2017	41	5
swim	2018	39	5
swim	2019	37	5
team	1900	88	12
team	1901	88	12
team	1902	87	12
team	1903	84	12
team	1904	80	11
team	1905	76	10
team	1906	72	10
team	1907	68	9
team	1908	65	9
team	1909	64	9
team	1910	64	9
team	1911	66	9
team	1912	69	9
team	1913	73	10
team	1914	77	11
team	1915	81	11
team	1916	84	12
team	1917	85	12
team	1918	85	12
team	1919	84	12
team	1920	82	11
team	1921	78	11
team	1922	74	10
team	1923	70	10
team	1924	66	9
team	1925	64	9
team	1926	62	8
team	1927	63	9
team	1928	64	9
team	1929	67	9
team	1930	71	10
team	1931	75	10
team	1932	78	11
team	1933	81	11
team	1934	83	11
team	1935	83	11
team	1936	82	11
team	1937	79	11
team	1938	76	10
team	1939	72	10
team	1940	68	9
team	1941	64	9
team	1942	62	8
team	1943	61	8
team	1944	61	8
team	1945	63	9
team	1946	65	9
team	1947	69	9
team	1948	73	10
team	1949	76	10
team	1950	79	11
team	1951	81	11
team	1952	81	11
team	1953	79	11
team	1954	77	11
team	1955	73	10
team	1956	70	10
team	1957	66	9
team	1958	62	8
team	1959	60	8
team	1960	59	8
team	1961	59	8
team	1962	61	8
team	1963	63	9
team	1964	67	9
team	1965	71	10
team	1966	74	10
team	1967	77	11
team	1968	78	11
team	1969	78	11
team	1970	77	11
team	1971	75	10
team	1972	71	10
team	1973	67	9
team	1974	64	9
team	1975	60	8
team	1976	58	8
team	1977	57	8
team	1978	57	8
team	1979	59	8
team	1980	62	8
team	1981	65	9
team	1982	69	9
team	1983	72	10
team	1984	74	10
team	1985	76	10
team	1986	76	10
team	1987	75	10
team	1988	72	10
team	1989	69	9
team	1990	65	9
team	1991	62	8
team	1992	58	8
team	1993	56	8
team	1994	55	7
team	1995	56	8
team	1996	57	8
team	1997	60	8
team	1998	63	9
team	1999	66	9
team	2000	70	10
team	2001	72	10
team	2002	73	10
team	2003	74	10
team	2004	72	10
team	2005	70	10
team	2006	67	9
team	2007	63	9
team	2008	60	8
team	2009	57	8
team	2010	54	7
team	2011	53	7
team	2012	54	7
team	2013	55	7
team	2014	58	8
team	2015	61	8
team	2016	64	9
team	2017	67	9
team	2018	70	10
team	2019	71	10
telephone	1951	2	1
telephone	1952	7	1
telephone	1953	12	1
telephone	1954	18	2
telephone	1955	25	3
telephone	1956	34	4
telephone	1957	45	6
telephone	1958	58	8
telephone	1959	73	10
telephone	1960	90	12
telephone	1961	109	15
telephone	1962	128	18
telephone	1963	147	21
telephone	1964	163	23
telephone	1965	177	25
telephone	1966	189	27
telephone	1967	197	28
telephone	1968	203	29
telephone	1969	208	29
telephone	1970	215	30
telephone	1971	225	32
telephone	1972	239	34
telephone	1973	260	37
telephone	1974	288	41
telephone	1975	322	46
telephone	1976	361	51
telephone	1977	403	57
telephone	1978	445	63
telephone	1979	483	69
telephone	1980	515	73
telephone	1981	539	77
telephone	1982	554	79
telephone	1983	559	79
telephone	1984	557	79
telephone	1985	550	78
telephone	1986	544	77
telephone	1987	541	77
telephone	1988	547	78
telephone	1989	565	80
telephone	1990	598	85
telephone	1991	644	92
telephone	1992	702	100
telephone	1993	769	109
telephone	1994	839	119
telephone	1995	907	129
telephone	1996	966	138
telephone	1997	1011	144
telephone	1998	1039	148
telephone	1999	1049	149
telephone	2000	1042	148
telephone	2001	1022	146
telephone	2002	996	142
telephone	2003	971	138
telephone	2004	954	136
telephone	2005	953	136
telephone	2006	973	139
telephone	2007	1017	145
telephone	2008	1084	154
telephone	2009	1171	167
telephone	2010	1269	181
telephone	2011	1372	196
telephone	2012	1468	209
telephone	2013	1549	221
telephone	2014	1607	229
telephone	2015	1638	234
telephone	2016	1639	234
telephone	2017	1615	230
telephone	2018	1573	224
telephone	2019	1521	217
tree	1900	265	37
tree	1901	279	39
tree	1902	295	42
tree	1903	311	44
tree	1904	324	46
tree	1905	334	47
tree	1906	338	48
tree	1907	336	48
tree	1908	329	47
tree	1909	316	45
tree	1910	301	43
tree	1911	285	40
tree	1912	270	38
tree	1913	258	36
tree	1914	252	36
tree	1915	251	35
tree	1916	256	36
tree	1917	266	38
tree	1918	280	40
tree	1919	296	42
tree	1920	312	44
tree	1921	326	46
tree	1922	335	47
tree	1923	339	48
tree	1924	338	48
tree	1925	330	47
tree	1926	318	45
tree	1927	302	43
tree	1928	286	40
tree	1929	271	38
tree	1930	259	37
tree	1931	253	36
tree	1932	252	36
tree	1933	257	36
tree	1934	267	38
tree	1935	282	40
tree	1936	298	42
tree	1937	314	44
tree	1938	328	46
tree	1939	337	48
tree	1940	341	48
tree	1941	339	48
tree	1942	331	47
tree	1943	319	45
tree	1944	303	43
tree	1945	287	41
tree	1946	272	38
tree	1947	260	37
tree	1948	254	36
tree	1949	253	36
tree	1950	258	36
tree	1951	269	38
tree	1952	283	40
tree	1953	299	42
tree	1954	315	45
tree	1955	329	47
tree	1956	338	48
tree	1957	342	48
tree	1958	340	48
tree	1959	332	47
tree	1960	320	45
tree	1961	304	43
tree	1962	288	41
tree	1963	273	39
tree	1964	261	37
tree	1965	255	36
tree	1966	254	36
tree	1967	259	37
tree	1968	270	38
tree	1969	284	40
tree	1970	301	43
tree	1971	317	45
tree	1972	331	47
tree	1973	340	48
tree	1974	344	49
tree	1975	342	48
tree	1976	333	47
tree	1977	321	45
tree	1978	305	43
tree	1979	289	41
tree	1980	274	39
tree	1981	262	37
tree	1982	256	36
tree	1983	255	36
tree	1984	261	37
tree	1985	271	38
tree	1986	286	40
tree	1987	302	43
tree	1988	319	45
tree	1989	332	47
tree	1990	342	48
tree	1991	345	49
tree	1992	343	49
tree	1993	335	47
tree	1994	322	46
tree	1995	306	43
tree	1996	290	41
tree	1997	275	39
tree	1998	263	37
tree	1999	257	36
tree	2000	256	36
tree	2001	262	37
tree	2002	273	39
tree	2003	287	41
tree	2004	304	43
tree	2005	320	45
tree	2006	334	47
tree	2007	343	49
tree	2008	347	49
tree	2009	344	49
tree	2010	336	48
tree	2011	323	46
tree	2012	307	43
tree	2013	290	41
tree	2014	275	39
tree	2015	264	37
tree	2016	258	36
tree	2017	257	36
tree	2018	263	37
tree	2019	274	39
true_cat	1900	680	97
true_cat	1901	672	96
true_cat	1902	681	97
true_cat	1903	705	100
true_cat	1904	741	105
true_cat	1905	787	112
true_cat	1906	834	119
true_cat	1907	879	125
true_cat	1908	915	130
true_cat	1909	938	134
true_cat	1910	944	134
true_cat	1911	934	133
true_cat	1912	909	129
true_cat	1913	873	124
true_cat	1914	830	118
true_cat	1915	789	112
true_cat	1916	753	107
true_cat	1917	730	104
true_cat	1918	722	103
true_cat	1919	731	104
true_cat	1920	757	108
true_cat	1921	796	113
true_cat	1922	844	120
true_cat	1923	895	127
true_cat	1924	943	134
true_cat	1925	981	140
true_cat	1926	1004	143
true_cat	1927	1011	144
true_cat	1928	999	142
true_cat	1929	972	138
true_cat	1930	933	133
true_cat	1931	887	126
true_cat	1932	842	120
true_cat	1933	805	115
true_cat	1934	780	111
true_cat	1935	771	110
true_cat	1936	781	111
true_cat	1937	808	115
true_cat	1938	850	121
true_cat	1939	902	128
true_cat	1940	956	136
true_cat	1941	1007	143
true_cat	1942	1046	149
true_cat	1943	1071	153
true_cat	1944	1077	153
true_cat	1945	1064	152
true_cat	1946	1035	147
true_cat	1947	992	141
true_cat	1948	944	134
true_cat	1949	896	128
true_cat	1950	856	122
true_cat	1951	829	118
true_cat	1952	820	117
true_cat	1953	831	118
true_cat	1954	860	122
true_cat	1955	905	129
true_cat	1956	960	137
true_cat	1957	1017	145
true_cat	1958	1070	152
true_cat	1959	1112	158
true_cat	1960	1138	162
true_cat	1961	1144	163
true_cat	1962	1129	161
true_cat	1963	1097	156
true_cat	1964	1052	150
true_cat	1965	1001	143
true_cat	1966	950	135
true_cat	1967	907	129
true_cat	1968	879	125
true_cat	1969	870	124
true_cat	1970	881	125
true_cat	1971	913	130
true_cat	1972	960	137
true_cat	1973	1018	145
true_cat	1974	1078	154
true_cat	1975	1134	162
true_cat	1976	1178	168
true_cat	1977	1204	172
true_cat	1978	1210	172
true_cat	1979	1194	170
true_cat	1980	1160	165
true_cat	1981	1112	158
true_cat	1982	1057	151
true_cat	1983	1003	143
true_cat	1984	958	136
true_cat	1985	928	132
true_cat	1986	919	131
true_cat	1987	931	133
true_cat	1988	965	137
true_cat	1989	1015	145
true_cat	1990	1076	153
true_cat	1991	1140	162
true_cat	1992	1198	171
true_cat	1993	1244	177
true_cat	1994	1271	181
true_cat	1995	1277	182
true_cat	1996	1259	179
true_cat	1997	1223	174
true_cat	1998	1171	167
true_cat	1999	1113	159
true_cat	2000	1056	150
true_cat	2001	1009	144
true_cat	2002	978	139
true_cat	2003	968	138
true_cat	2004	982	140
true_cat	2005	1017	145
true_cat	2006	1070	152
true_cat	2007	1134	162
true_cat	2008	1201	171
true_cat	2009	1262	180
true_cat	2010	1310	187
true_cat	2011	1338	191
true_cat	2012	1343	191
true_cat	2013	1324	189
true_cat	2014	1285	183
true_cat	2015	1231	175
true_cat	2016	1170	167
true_cat	2017	1110	158
true_cat	2018	1060	151
true_cat	2019	1028	146
tulip	1900	845	120
tulip	1901	805	115
tulip	1902	774	110
tulip	1903	755	107
tulip	1904	754	107
tulip	1905	770	110
tulip	1906	803	114
tulip	1907	850	121
tulip	1908	904	129
tulip	1909	960	137
tulip	1910	1010	144
tulip	1911	1049	149
tulip	1912	1071	153
tulip	1913	1075	153
tulip	1914	1060	151
tulip	1915	1029	147
tulip	1916	987	141
tulip	1917	940	134
tulip	1918	895	127
tulip	1919	860	122
tulip	1920	839	119
tulip	1921	837	119
tulip	1922	855	122
tulip	1923	892	127
tulip	1924	943	134
tulip	1925	1002	143
tulip	1926	1064	152
tulip	1927	1118	159
tulip	1928	1160	165
tulip	1929	1184	169
tulip	1930	1187	169
tulip	1931	1170	167
tulip	1932	1135	162
tulip	1933	1087	155
tulip	1934	1035	147
tulip	1935	985	140
tulip	1936	945	135
tulip	1937	923	131
tulip	1938	920	131
tulip	1939	940	134
tulip	1940	980	140
tulip	1941	1036	148
tulip	1942	1101	157
tulip	1943	1167	166
tulip	1944	1227	175
tulip	1945	1272	181
tulip	1946	1297	185
tulip	1947	1299	185
tulip	1948	1279	182
tulip	1949	1240	177
tulip	1950	1187	169
tulip	1951	1129	161
tulip	1952	1074	153
tulip	1953	1031	147
tulip	1954	1006	143
tulip	1955	1004	143
tulip	1956	1025	146
tulip	1957	1069	152
tulip	1958	1129	161
tulip	1959	1200	171
tulip	1960	1271	181
tulip	1961	1335	190
tulip	1962	1383	197
tulip	1963	1409	201
tulip	1964	1411	201
tulip	1965	1388	198
tulip	1966	1345	192
tulip	1967	1287	183
tulip	1968	1224	174
tulip	1969	1164	166
tulip	1970	1117	159
tulip	1971	1090	155
tulip	1972	1087	155
tulip	1973	1110	158
tulip	1974	1157	165
tulip	1975	1223	174
tulip	1976	1299	185
tulip	1977	1376	196
tulip	1978	1444	206
tulip	1979	1495	213
tulip	1980	1522	217
tulip	1981	1523	217
tulip	1982	1497	213
tulip	1983	1449	207
tulip	1984	1386	198
tulip	1985	1318	188
tulip	1986	1253	179
tulip	1987	1202	171
tulip	1988	1173	167
tulip	1989	1170	167
tulip	1990	1196	170
tulip	1991	1246	178
tulip	1992	1317	188
tulip	1993	1398	199
tulip	1994	1480	211
tulip	1995	1553	221
tulip	1996	1606	229
tulip	1997	1635	233
tulip	1998	1634	233
tulip	1999	1606	229
tulip	2000	1554	222
tulip	2001	1486	212
tulip	2002	1411	201
tulip	2003	1342	191
tulip	2004	1288	184
tulip	2005	1256	179
tulip	2006	1254	179
tulip	2007	1281	183
tulip	2008	1335	190
tulip	2009	1411	201
tulip	2010	1497	213
tulip	2011	1585	226
tulip	2012	1661	237
tulip	2013	1718	245
tulip	2014	1747	249
tulip	2015	1746	249
tulip	2016	1715	245
tulip	2017	1658	236
tulip	2018	1585	226
tulip	2019	1505	215
vehicle	1900	735	105
vehicle	1901	764	109
vehicle	1902	803	114
vehicle	1903	846	120
vehicle	1904	887	126
vehicle	1905	920	131
vehicle	1906	939	134
vehicle	1907	943	134
vehicle	1908	931	133
vehicle	1909	903	129
vehicle	1910	863	123
vehicle	1911	817	116
vehicle	1912	770	110
vehicle	1913	728	104
vehicle	1914	696	99
vehicle	1915	678	96
vehicle	1916	677	96
vehicle	1917	691	98
vehicle	1918	718	102
vehicle	1919	755	107
vehicle	1920	795	113
vehicle	1921	833	119
vehicle	1922	863	123
vehicle	1923	881	125
vehicle	1924	884	126
vehicle	1925	872	124
vehicle	1926	846	120
vehicle	1927	808	115
vehicle	1928	764	109
vehicle	1929	720	102
vehicle	1930	681	97
vehicle	1931	651	93
vehicle	1932	634	90
vehicle	1933	633	90
vehicle	1934	646	92
vehicle	1935	672	96
vehicle	1936	706	100
vehicle	1937	743	106
vehicle	1938	779	111
vehicle	1939	806	115
vehicle	1940	823	117
vehicle	1941	825	117
vehicle	1942	813	116
vehicle	1943	788	112
vehicle	1944	753	107
vehicle	1945	712	101
vehicle	1946	670	95
vehicle	1947	633	90
vehicle	1948	606	86
vehicle	1949	591	84
vehicle	1950	589	84
vehicle	1951	602	86
vehicle	1952	626	89
vehicle	1953	657	93
vehicle	1954	692	98
vehicle	1955	724	103
vehicle	1956	750	107
vehicle	1957	765	109
vehicle	1958	766	109
vehicle	1959	755	107
vehicle	1960	731	104
vehicle	1961	698	99
vehicle	1962	659	94
vehicle	1963	621	88
vehicle	1964	587	83
vehicle	1965	561	80
vehicle	1966	547	78
vehicle	1967	546	78
vehicle	1968	557	79
vehicle	1969	579	82
vehicle	1970	608	86
vehicle	1971	640	91
vehicle	1972	670	95
vehicle	1973	693	99
vehicle	1974	706	100
vehicle	1975	707	101
vehicle	1976	696	99
vehicle	1977	674	96
vehicle	1978	643	91
vehicle	1979	607	86
vehicle	1980	571	81
vehicle	1981	540	77
vehicle	1982	516	73
vehicle	1983	503	71
vehicle	1984	502	71
vehicle	1985	513	73
vehicle	1986	533	76
vehicle	1987	560	80
vehicle	1988	588	84
vehicle	1989	615	87
vehicle	1990	636	90
vehicle	1991	648	92
vehicle	1992	648	92
vehicle	1993	638	91
vehicle	1994	617	88
vehicle	1995	588	84
vehicle	1996	555	79
vehicle	1997	522	74
vehicle	1998	493	70
vehicle	1999	471	67
vehicle	2000	459	65
vehicle	2001	459	65
vehicle	2002	468	66
vehicle	2003	486	69
vehicle	2004	510	72
vehicle	2005	537	76
vehicle	2006	561	80
vehicle	2007	579	82
vehicle	2008	589	84
vehicle	2009	589	84
vehicle	2010	579	82
vehicle	2011	560	80
vehicle	2012	533	76
vehicle	2013	503	71
vehicle	2014	473	67
vehicle	2015	446	63
vehicle	2016	426	60
vehicle	2017	416	59
vehicle	2018	415	59
vehicle	2019	423	60
whale	1900	114	16
whale	1901	110	15
whale	1902	104	14
whale	1903	98	14
whale	1904	93	13
whale	1905	89	12
whale	1906	87	12
whale	1907	86	12
whale	1908	88	12
whale	1909	92	13
whale	1910	96	13
whale	1911	102	14
whale	1912	107	15
whale	1913	111	15
whale	1914	114	16
whale	1915	115	16
whale	1916	114	16
whale	1917	111	15
whale	1918	107	15
whale	1919	101	14
whale	1920	95	13
whale	1921	90	12
whale	1922	86	12
whale	1923	84	12
whale	1924	84	12
whale	1925	86	12
whale	1926	89	12
whale	1927	94	13
whale	1928	99	14
whale	1929	104	14
whale	1930	108	15
whale	1931	111	15
whale	1932	112	16
whale	1933	111	15
whale	1934	108	15
whale	1935	103	14
whale	1936	98	14
whale	1937	93	13
whale	1938	88	12
whale	1939	84	12
whale	1940	82	11
whale	1941	82	11
whale	1942	83	11
whale	1943	87	12
whale	1944	91	13
whale	1945	96	13
whale	1946	101	14
whale	1947	105	15
whale	1948	108	15
whale	1949	109	15
whale	1950	108	15
whale	1951	105	15
whale	1952	100	14
whale	1953	95	13
whale	1954	90	12
whale	1955	85	12
whale	1956	81	11
whale	1957	79	11
whale	1958	79	11
whale	1959	81	11
whale	1960	84	12
whale	1961	89	12
whale	1962	94	13
whale	1963	98	14
whale	1964	102	14
whale	1965	105	15
whale	1966	106	15
whale	1967	104	14
whale	1968	102	14
whale	1969	97	13
whale	1970	92	13
whale	1971	87	12
whale	1972	82	11
whale	1973	79	11
whale	1974	77	11
whale	1975	77	11
whale	1976	79	11
whale	1977	82	11
whale	1978	86	12
whale	1979	91	13
whale	1980	96	13
whale	1981	99	14
whale	1982	102	14
whale	1983	102	14
whale	1984	101	14
whale	1985	98	14
whale	1986	94	13
whale	1987	89	12
whale	1988	84	12
whale	1989	80	11
whale	1990	76	10
whale	1991	75	10
whale	1992	75	10
whale	1993	76	10
whale	1994	79	11
whale	1995	84	12
whale	1996	88	12
whale	1997	93	13
whale	1998	96	13
whale	1999	99	14
whale	2000	99	14
whale	2001	98	14
whale	2002	95	13
whale	2003	91	13
whale	2004	87	12
whale	2005	82	11
whale	2006	77	11
whale	2007	74	10
whale	2008	72	10
whale	2009	72	10
whale	2010	74	10
whale	2011	77	11
whale	2012	81	11
whale	2013	85	12
whale	2014	90	12
whale	2015	93	13
whale	2016	95	13
whale	2017	96	13
whale	2018	95	13
whale	2019	92	13
